number,category,filename,prompt
1,"T-shirts","tshirt_cream_relaxed-fit_organic-cotton_01.png","Cream relaxed-fit crew-neck organic cotton t-shirt with short sleeves, displayed flat-lay top-down on the backdrop, neatly arranged with subtle natural folds. Studio e-commerce catalog photography, seamless warm light gray backdrop, soft diffused overhead lighting, neutral color balance, sharp focus, visible fabric texture, minimal premium aesthetic, centered composition, no text, no logos, no branding, no people, no patterned background."
2,"T-shirts","tshirt_white_slim-fit_pima-cotton_02.png","White slim-fit crew-neck pima cotton t-shirt with short sleeves, displayed flat-lay top-down on the backdrop, neatly arranged with subtle natural folds. Studio e-commerce catalog photography, seamless warm light gray backdrop, soft diffused overhead lighting, neutral color balance, sharp focus, visible fabric texture, minimal premium aesthetic, centered composition, no text, no logos, no branding, no people, no patterned background."
3,"T-shirts","tshirt_off-white_regular-fit_cotton-modal_03.png","Off-White regular-fit crew-neck cotton-modal t-shirt with short sleeves, displayed flat-lay top-down on the backdrop, neatly arranged with subtle natural folds. Studio e-commerce catalog photography, seamless warm light gray backdrop, soft diffused overhead lighting, neutral color balance, sharp focus, visible fabric texture, minimal premium aesthetic, centered composition, no text, no logos, no branding, no people, no patterned background."
4,"T-shirts","tshirt_sage-green_relaxed-fit_organic-cotton_04.png","Sage Green relaxed-fit crew-neck organic cotton t-shirt with short sleeves, displayed flat-lay top-down on the backdrop, neatly arranged with subtle natural folds. Studio e-commerce catalog photography, seamless warm light gray backdrop, soft diffused overhead lighting, neutral color balance, sharp focus, visible fabric texture, minimal premium aesthetic, centered composition, no text, no logos, no branding, no people, no patterned background."
5,"T-shirts","tshirt_dusty-rose_regular-fit_cotton_05.png","Dusty Rose regular-fit crew-neck cotton t-shirt with short sleeves, displayed flat-lay top-down on the backdrop, neatly arranged with subtle natural folds. Studio e-commerce catalog photography, seamless warm light gray backdrop, soft diffused overhead lighting, neutral color balance, sharp focus, visible fabric texture, minimal premium aesthetic, centered composition, no text, no logos, no branding, no people, no patterned background."
6,"T-shirts","tshirt_navy_slim-fit_cotton-blend_06.png","Navy slim-fit crew-neck cotton-blend t-shirt with short sleeves, displayed flat-lay top-down on the backdrop, neatly arranged with subtle natural folds. Studio e-commerce catalog photography, seamless warm light gray backdrop, soft diffused overhead lighting, neutral color balance, sharp focus, visible fabric texture, minimal premium aesthetic, centered composition, no text, no logos, no branding, no people, no patterned background."
7,"T-shirts","tshirt_charcoal_regular-fit_cotton_07.png","Charcoal regular-fit crew-neck cotton t-shirt with short sleeves, displayed flat-lay top-down on the backdrop, neatly arranged with subtle natural folds. Studio e-commerce catalog photography, seamless warm light gray backdrop, soft diffused overhead lighting, neutral color balance, sharp focus, visible fabric texture, minimal premium aesthetic, centered composition, no text, no logos, no branding, no people, no patterned background."
8,"T-shirts","tshirt_ivory_relaxed-fit_organic-cotton_08.png","Ivory relaxed-fit crew-neck organic cotton t-shirt with short sleeves, displayed flat-lay top-down on the backdrop, neatly arranged with subtle natural folds. Studio e-commerce catalog photography, seamless warm light gray backdrop, soft diffused overhead lighting, neutral color balance, sharp focus, visible fabric texture, minimal premium aesthetic, centered composition, no text, no logos, no branding, no people, no patterned background."
9,"T-shirts","tshirt_terracotta_regular-fit_cotton_09.png","Terracotta regular-fit crew-neck cotton t-shirt with short sleeves, displayed flat-lay top-down on the backdrop, neatly arranged with subtle natural folds. Studio e-commerce catalog photography, seamless warm light gray backdrop, soft diffused overhead lighting, neutral color balance, sharp focus, visible fabric texture, minimal premium aesthetic, centered composition, no text, no logos, no branding, no people, no patterned background."
10,"T-shirts","tshirt_olive_relaxed-fit_cotton-blend_10.png","Olive relaxed-fit crew-neck cotton-blend t-shirt with short sleeves, displayed flat-lay top-down on the backdrop, neatly arranged with subtle natural folds. Studio e-commerce catalog photography, seamless warm light gray backdrop, soft diffused overhead lighting, neutral color balance, sharp focus, visible fabric texture, minimal premium aesthetic, centered composition, no text, no logos, no branding, no people, no patterned background."
11,"T-shirts","tshirt_slate-blue_slim-fit_cotton-modal_11.png","Slate Blue slim-fit crew-neck cotton-modal t-shirt with short sleeves, displayed flat-lay top-down on the backdrop, neatly arranged with subtle natural folds. Studio e-commerce catalog photography, seamless warm light gray backdrop, soft diffused overhead lighting, neutral color balance, sharp focus, visible fabric texture, minimal premium aesthetic, centered composition, no text, no logos, no branding, no people, no patterned background."
12,"T-shirts","tshirt_burgundy_regular-fit_cotton_12.png","Burgundy regular-fit crew-neck cotton t-shirt with short sleeves, displayed flat-lay top-down on the backdrop, neatly arranged with subtle natural folds. Studio e-commerce catalog photography, seamless warm light gray backdrop, soft diffused overhead lighting, neutral color balance, sharp focus, visible fabric texture, minimal premium aesthetic, centered composition, no text, no logos, no branding, no people, no patterned background."
13,"T-shirts","tshirt_white_oversized_cotton_13.png","White oversized crew-neck cotton t-shirt with short sleeves, displayed flat-lay top-down on the backdrop, neatly arranged with subtle natural folds. Studio e-commerce catalog photography, seamless warm light gray backdrop, soft diffused overhead lighting, neutral color balance, sharp focus, visible fabric texture, minimal premium aesthetic, centered composition, no text, no logos, no branding, no people, no patterned background."
14,"T-shirts","tshirt_black_slim-fit_cotton_14.png","Black slim-fit crew-neck cotton t-shirt with short sleeves, displayed flat-lay top-down on the backdrop, neatly arranged with subtle natural folds. Studio e-commerce catalog photography, seamless warm light gray backdrop, soft diffused overhead lighting, neutral color balance, sharp focus, visible fabric texture, minimal premium aesthetic, centered composition, no text, no logos, no branding, no people, no patterned background."
15,"T-shirts","tshirt_light-gray_regular-fit_cotton-modal_15.png","Light Gray regular-fit crew-neck cotton-modal t-shirt with short sleeves, displayed flat-lay top-down on the backdrop, neatly arranged with subtle natural folds. Studio e-commerce catalog photography, seamless warm light gray backdrop, soft diffused overhead lighting, neutral color balance, sharp focus, visible fabric texture, minimal premium aesthetic, centered composition, no text, no logos, no branding, no people, no patterned background."
16,"T-shirts","tshirt_sky-blue_slim-fit_pima-cotton_16.png","Sky Blue slim-fit crew-neck pima cotton t-shirt with short sleeves, displayed flat-lay top-down on the backdrop, neatly arranged with subtle natural folds. Studio e-commerce catalog photography, seamless warm light gray backdrop, soft diffused overhead lighting, neutral color balance, sharp focus, visible fabric texture, minimal premium aesthetic, centered composition, no text, no logos, no branding, no people, no patterned background."
17,"T-shirts","tshirt_mustard_relaxed-fit_cotton_17.png","Mustard relaxed-fit crew-neck cotton t-shirt with short sleeves, displayed flat-lay top-down on the backdrop, neatly arranged with subtle natural folds. Studio e-commerce catalog photography, seamless warm light gray backdrop, soft diffused overhead lighting, neutral color balance, sharp focus, visible fabric texture, minimal premium aesthetic, centered composition, no text, no logos, no branding, no people, no patterned background."
18,"T-shirts","tshirt_forest-green_regular-fit_organic-cotton_18.png","Forest Green regular-fit crew-neck organic cotton t-shirt with short sleeves, displayed flat-lay top-down on the backdrop, neatly arranged with subtle natural folds. Studio e-commerce catalog photography, seamless warm light gray backdrop, soft diffused overhead lighting, neutral color balance, sharp focus, visible fabric texture, minimal premium aesthetic, centered composition, no text, no logos, no branding, no people, no patterned background."
19,"T-shirts","tshirt_lavender_relaxed-fit_cotton-modal_19.png","Lavender relaxed-fit crew-neck cotton-modal t-shirt with short sleeves, displayed flat-lay top-down on the backdrop, neatly arranged with subtle natural folds. Studio e-commerce catalog photography, seamless warm light gray backdrop, soft diffused overhead lighting, neutral color balance, sharp focus, visible fabric texture, minimal premium aesthetic, centered composition, no text, no logos, no branding, no people, no patterned background."
20,"T-shirts","tshirt_coral_regular-fit_cotton_20.png","Coral regular-fit crew-neck cotton t-shirt with short sleeves, displayed flat-lay top-down on the backdrop, neatly arranged with subtle natural folds. Studio e-commerce catalog photography, seamless warm light gray backdrop, soft diffused overhead lighting, neutral color balance, sharp focus, visible fabric texture, minimal premium aesthetic, centered composition, no text, no logos, no branding, no people, no patterned background."
21,"T-shirts","tshirt_navy_regular-fit_organic-cotton_21.png","Navy regular-fit crew-neck organic cotton t-shirt with cap sleeves, displayed flat-lay top-down on the backdrop, neatly arranged with subtle natural folds. Studio e-commerce catalog photography, seamless warm light gray backdrop, soft diffused overhead lighting, neutral color balance, sharp focus, visible fabric texture, minimal premium aesthetic, centered composition, no text, no logos, no branding, no people, no patterned background."
22,"T-shirts","tshirt_white_slim-fit_cotton_22.png","White slim-fit crew-neck cotton t-shirt with rolled-cuff sleeves, displayed flat-lay top-down on the backdrop, neatly arranged with subtle natural folds. Studio e-commerce catalog photography, seamless warm light gray backdrop, soft diffused overhead lighting, neutral color balance, sharp focus, visible fabric texture, minimal premium aesthetic, centered composition, no text, no logos, no branding, no people, no patterned background."
23,"T-shirts","tshirt_charcoal_relaxed-fit_cotton-blend_23.png","Charcoal relaxed-fit crew-neck cotton-blend t-shirt with short sleeves, displayed flat-lay top-down on the backdrop, neatly arranged with subtle natural folds. Studio e-commerce catalog photography, seamless warm light gray backdrop, soft diffused overhead lighting, neutral color balance, sharp focus, visible fabric texture, minimal premium aesthetic, centered composition, no text, no logos, no branding, no people, no patterned background."
24,"T-shirts","tshirt_beige_regular-fit_organic-cotton_24.png","Beige regular-fit crew-neck organic cotton t-shirt with short sleeves, displayed flat-lay top-down on the backdrop, neatly arranged with subtle natural folds. Studio e-commerce catalog photography, seamless warm light gray backdrop, soft diffused overhead lighting, neutral color balance, sharp focus, visible fabric texture, minimal premium aesthetic, centered composition, no text, no logos, no branding, no people, no patterned background."
25,"T-shirts","tshirt_deep-teal_slim-fit_cotton-modal_25.png","Deep Teal slim-fit crew-neck cotton-modal t-shirt with short sleeves, displayed flat-lay top-down on the backdrop, neatly arranged with subtle natural folds. Studio e-commerce catalog photography, seamless warm light gray backdrop, soft diffused overhead lighting, neutral color balance, sharp focus, visible fabric texture, minimal premium aesthetic, centered composition, no text, no logos, no branding, no people, no patterned background."
26,"T-shirts","tshirt_rust_relaxed-fit_cotton_26.png","Rust relaxed-fit crew-neck cotton t-shirt with short sleeves, displayed flat-lay top-down on the backdrop, neatly arranged with subtle natural folds. Studio e-commerce catalog photography, seamless warm light gray backdrop, soft diffused overhead lighting, neutral color balance, sharp focus, visible fabric texture, minimal premium aesthetic, centered composition, no text, no logos, no branding, no people, no patterned background."
27,"T-shirts","tshirt_midnight-blue_slim-fit_pima-cotton_27.png","Midnight Blue slim-fit crew-neck pima cotton t-shirt with short sleeves, displayed flat-lay top-down on the backdrop, neatly arranged with subtle natural folds. Studio e-commerce catalog photography, seamless warm light gray backdrop, soft diffused overhead lighting, neutral color balance, sharp focus, visible fabric texture, minimal premium aesthetic, centered composition, no text, no logos, no branding, no people, no patterned background."
28,"T-shirts","tshirt_peach_regular-fit_cotton_28.png","Peach regular-fit crew-neck cotton t-shirt with short sleeves, displayed flat-lay top-down on the backdrop, neatly arranged with subtle natural folds. Studio e-commerce catalog photography, seamless warm light gray backdrop, soft diffused overhead lighting, neutral color balance, sharp focus, visible fabric texture, minimal premium aesthetic, centered composition, no text, no logos, no branding, no people, no patterned background."
29,"T-shirts","tshirt_mint-green_relaxed-fit_organic-cotton_29.png","Mint Green relaxed-fit crew-neck organic cotton t-shirt with short sleeves, displayed flat-lay top-down on the backdrop, neatly arranged with subtle natural folds. Studio e-commerce catalog photography, seamless warm light gray backdrop, soft diffused overhead lighting, neutral color balance, sharp focus, visible fabric texture, minimal premium aesthetic, centered composition, no text, no logos, no branding, no people, no patterned background."
30,"T-shirts","tshirt_plum_regular-fit_cotton-blend_30.png","Plum regular-fit crew-neck cotton-blend t-shirt with short sleeves, displayed flat-lay top-down on the backdrop, neatly arranged with subtle natural folds. Studio e-commerce catalog photography, seamless warm light gray backdrop, soft diffused overhead lighting, neutral color balance, sharp focus, visible fabric texture, minimal premium aesthetic, centered composition, no text, no logos, no branding, no people, no patterned background."
31,"T-shirts","tshirt_sand_relaxed-fit_cotton_31.png","Sand relaxed-fit crew-neck cotton t-shirt with short sleeves, displayed flat-lay top-down on the backdrop, neatly arranged with subtle natural folds. Studio e-commerce catalog photography, seamless warm light gray backdrop, soft diffused overhead lighting, neutral color balance, sharp focus, visible fabric texture, minimal premium aesthetic, centered composition, no text, no logos, no branding, no people, no patterned background."
32,"T-shirts","tshirt_denim-blue_regular-fit_cotton-modal_32.png","Denim Blue regular-fit crew-neck cotton-modal t-shirt with short sleeves, displayed flat-lay top-down on the backdrop, neatly arranged with subtle natural folds. Studio e-commerce catalog photography, seamless warm light gray backdrop, soft diffused overhead lighting, neutral color balance, sharp focus, visible fabric texture, minimal premium aesthetic, centered composition, no text, no logos, no branding, no people, no patterned background."
33,"T-shirts","tshirt_maroon_slim-fit_cotton_33.png","Maroon slim-fit crew-neck cotton t-shirt with short sleeves, displayed flat-lay top-down on the backdrop, neatly arranged with subtle natural folds. Studio e-commerce catalog photography, seamless warm light gray backdrop, soft diffused overhead lighting, neutral color balance, sharp focus, visible fabric texture, minimal premium aesthetic, centered composition, no text, no logos, no branding, no people, no patterned background."
34,"T-shirts","tshirt_stone-gray_relaxed-fit_organic-cotton_34.png","Stone Gray relaxed-fit crew-neck organic cotton t-shirt with short sleeves, displayed flat-lay top-down on the backdrop, neatly arranged with subtle natural folds. Studio e-commerce catalog photography, seamless warm light gray backdrop, soft diffused overhead lighting, neutral color balance, sharp focus, visible fabric texture, minimal premium aesthetic, centered composition, no text, no logos, no branding, no people, no patterned background."
35,"T-shirts","tshirt_pale-yellow_regular-fit_cotton_35.png","Pale Yellow regular-fit crew-neck cotton t-shirt with short sleeves, displayed flat-lay top-down on the backdrop, neatly arranged with subtle natural folds. Studio e-commerce catalog photography, seamless warm light gray backdrop, soft diffused overhead lighting, neutral color balance, sharp focus, visible fabric texture, minimal premium aesthetic, centered composition, no text, no logos, no branding, no people, no patterned background."
36,"T-shirts","tshirt_aqua_slim-fit_cotton-modal_36.png","Aqua slim-fit crew-neck cotton-modal t-shirt with short sleeves, displayed flat-lay top-down on the backdrop, neatly arranged with subtle natural folds. Studio e-commerce catalog photography, seamless warm light gray backdrop, soft diffused overhead lighting, neutral color balance, sharp focus, visible fabric texture, minimal premium aesthetic, centered composition, no text, no logos, no branding, no people, no patterned background."
37,"T-shirts","tshirt_espresso-brown_regular-fit_cotton-blend_37.png","Espresso Brown regular-fit crew-neck cotton-blend t-shirt with short sleeves, displayed flat-lay top-down on the backdrop, neatly arranged with subtle natural folds. Studio e-commerce catalog photography, seamless warm light gray backdrop, soft diffused overhead lighting, neutral color balance, sharp focus, visible fabric texture, minimal premium aesthetic, centered composition, no text, no logos, no branding, no people, no patterned background."
38,"T-shirts","tshirt_heather-gray_relaxed-fit_cotton_38.png","Heather Gray relaxed-fit crew-neck cotton t-shirt with short sleeves, displayed flat-lay top-down on the backdrop, neatly arranged with subtle natural folds. Studio e-commerce catalog photography, seamless warm light gray backdrop, soft diffused overhead lighting, neutral color balance, sharp focus, visible fabric texture, minimal premium aesthetic, centered composition, no text, no logos, no branding, no people, no patterned background."
39,"T-shirts","tshirt_wine-red_slim-fit_organic-cotton_39.png","Wine Red slim-fit crew-neck organic cotton t-shirt with short sleeves, displayed flat-lay top-down on the backdrop, neatly arranged with subtle natural folds. Studio e-commerce catalog photography, seamless warm light gray backdrop, soft diffused overhead lighting, neutral color balance, sharp focus, visible fabric texture, minimal premium aesthetic, centered composition, no text, no logos, no branding, no people, no patterned background."
40,"T-shirts","tshirt_khaki_regular-fit_cotton_40.png","Khaki regular-fit crew-neck cotton t-shirt with short sleeves, displayed flat-lay top-down on the backdrop, neatly arranged with subtle natural folds. Studio e-commerce catalog photography, seamless warm light gray backdrop, soft diffused overhead lighting, neutral color balance, sharp focus, visible fabric texture, minimal premium aesthetic, centered composition, no text, no logos, no branding, no people, no patterned background."
41,"T-shirts","tshirt_powder-blue_relaxed-fit_cotton-modal_41.png","Powder Blue relaxed-fit crew-neck cotton-modal t-shirt with short sleeves, displayed flat-lay top-down on the backdrop, neatly arranged with subtle natural folds. Studio e-commerce catalog photography, seamless warm light gray backdrop, soft diffused overhead lighting, neutral color balance, sharp focus, visible fabric texture, minimal premium aesthetic, centered composition, no text, no logos, no branding, no people, no patterned background."
42,"T-shirts","tshirt_black_oversized_cotton_42.png","Black oversized crew-neck cotton t-shirt with short sleeves, displayed flat-lay top-down on the backdrop, neatly arranged with subtle natural folds. Studio e-commerce catalog photography, seamless warm light gray backdrop, soft diffused overhead lighting, neutral color balance, sharp focus, visible fabric texture, minimal premium aesthetic, centered composition, no text, no logos, no branding, no people, no patterned background."
43,"Shirts","shirt_white_regular_cotton-poplin_01.png","White regular-fit spread-collar cotton poplin button-down shirt with long sleeves and straight hem, displayed flat-lay on the backdrop, collar slightly open, sleeves neatly aligned. Studio e-commerce catalog photography, seamless warm light gray backdrop, soft diffused overhead lighting, neutral color balance, sharp focus, visible fabric texture, minimal premium aesthetic, centered composition, no text, no logos, no branding, no people, no patterned background."
44,"Shirts","shirt_sky-blue_slim_oxford-cotton_02.png","Sky Blue slim-fit button-down-collar oxford cotton button-down shirt with long sleeves and curved hem, displayed flat-lay on the backdrop, collar slightly open, sleeves neatly aligned. Studio e-commerce catalog photography, seamless warm light gray backdrop, soft diffused overhead lighting, neutral color balance, sharp focus, visible fabric texture, minimal premium aesthetic, centered composition, no text, no logos, no branding, no people, no patterned background."
45,"Shirts","shirt_light-gray_regular_cotton-poplin_03.png","Light Gray regular-fit spread-collar cotton poplin button-down shirt with long sleeves and straight hem, displayed flat-lay on the backdrop, collar slightly open, sleeves neatly aligned. Studio e-commerce catalog photography, seamless warm light gray backdrop, soft diffused overhead lighting, neutral color balance, sharp focus, visible fabric texture, minimal premium aesthetic, centered composition, no text, no logos, no branding, no people, no patterned background."
46,"Shirts","shirt_navy_slim_oxford-cotton_04.png","Navy slim-fit button-down-collar oxford cotton button-down shirt with long sleeves and curved hem, displayed flat-lay on the backdrop, collar slightly open, sleeves neatly aligned. Studio e-commerce catalog photography, seamless warm light gray backdrop, soft diffused overhead lighting, neutral color balance, sharp focus, visible fabric texture, minimal premium aesthetic, centered composition, no text, no logos, no branding, no people, no patterned background."
47,"Shirts","shirt_sage_relaxed_linen-cotton-blend_05.png","Sage relaxed-fit mandarin-collar linen-cotton blend button-down shirt with long sleeves and straight hem, displayed flat-lay on the backdrop, collar slightly open, sleeves neatly aligned. Studio e-commerce catalog photography, seamless warm light gray backdrop, soft diffused overhead lighting, neutral color balance, sharp focus, visible fabric texture, minimal premium aesthetic, centered composition, no text, no logos, no branding, no people, no patterned background."
48,"Shirts","shirt_ecru_regular_washed-linen_06.png","Ecru regular-fit spread-collar washed linen button-down shirt with long sleeves and curved hem, displayed flat-lay on the backdrop, collar slightly open, sleeves neatly aligned. Studio e-commerce catalog photography, seamless warm light gray backdrop, soft diffused overhead lighting, neutral color balance, sharp focus, visible fabric texture, minimal premium aesthetic, centered composition, no text, no logos, no branding, no people, no patterned background."
49,"Shirts","shirt_oxford-blue_slim_oxford-cotton_07.png","Oxford Blue slim-fit button-down-collar oxford cotton button-down shirt with long sleeves and straight hem, displayed flat-lay on the backdrop, collar slightly open, sleeves neatly aligned. Studio e-commerce catalog photography, seamless warm light gray backdrop, soft diffused overhead lighting, neutral color balance, sharp focus, visible fabric texture, minimal premium aesthetic, centered composition, no text, no logos, no branding, no people, no patterned background."
50,"Shirts","shirt_charcoal_tailored_cotton-poplin_08.png","Charcoal tailored-fit spread-collar cotton poplin button-down shirt with long sleeves and curved hem, displayed flat-lay on the backdrop, collar slightly open, sleeves neatly aligned. Studio e-commerce catalog photography, seamless warm light gray backdrop, soft diffused overhead lighting, neutral color balance, sharp focus, visible fabric texture, minimal premium aesthetic, centered composition, no text, no logos, no branding, no people, no patterned background."
51,"Shirts","shirt_dusty-blue_regular_chambray_09.png","Dusty Blue regular-fit button-down-collar chambray button-down shirt with long sleeves and straight hem, displayed flat-lay on the backdrop, collar slightly open, sleeves neatly aligned. Studio e-commerce catalog photography, seamless warm light gray backdrop, soft diffused overhead lighting, neutral color balance, sharp focus, visible fabric texture, minimal premium aesthetic, centered composition, no text, no logos, no branding, no people, no patterned background."
52,"Shirts","shirt_ivory_relaxed_washed-linen_10.png","Ivory relaxed-fit mandarin-collar washed linen button-down shirt with long sleeves and curved hem, displayed flat-lay on the backdrop, collar slightly open, sleeves neatly aligned. Studio e-commerce catalog photography, seamless warm light gray backdrop, soft diffused overhead lighting, neutral color balance, sharp focus, visible fabric texture, minimal premium aesthetic, centered composition, no text, no logos, no branding, no people, no patterned background."
53,"Shirts","shirt_black_slim_cotton-poplin_11.png","Black slim-fit spread-collar cotton poplin button-down shirt with long sleeves and straight hem, displayed flat-lay on the backdrop, collar slightly open, sleeves neatly aligned. Studio e-commerce catalog photography, seamless warm light gray backdrop, soft diffused overhead lighting, neutral color balance, sharp focus, visible fabric texture, minimal premium aesthetic, centered composition, no text, no logos, no branding, no people, no patterned background."
54,"Shirts","shirt_pale-pink_regular_oxford-cotton_12.png","Pale Pink regular-fit button-down-collar oxford cotton button-down shirt with long sleeves and curved hem, displayed flat-lay on the backdrop, collar slightly open, sleeves neatly aligned. Studio e-commerce catalog photography, seamless warm light gray backdrop, soft diffused overhead lighting, neutral color balance, sharp focus, visible fabric texture, minimal premium aesthetic, centered composition, no text, no logos, no branding, no people, no patterned background."
55,"Shirts","shirt_olive_relaxed_linen-cotton-blend_13.png","Olive relaxed-fit spread-collar linen-cotton blend button-down shirt with long sleeves and straight hem, displayed flat-lay on the backdrop, collar slightly open, sleeves neatly aligned. Studio e-commerce catalog photography, seamless warm light gray backdrop, soft diffused overhead lighting, neutral color balance, sharp focus, visible fabric texture, minimal premium aesthetic, centered composition, no text, no logos, no branding, no people, no patterned background."
56,"Shirts","shirt_midnight-blue_slim_cotton-poplin_14.png","Midnight Blue slim-fit button-down-collar cotton poplin button-down shirt with long sleeves and curved hem, displayed flat-lay on the backdrop, collar slightly open, sleeves neatly aligned. Studio e-commerce catalog photography, seamless warm light gray backdrop, soft diffused overhead lighting, neutral color balance, sharp focus, visible fabric texture, minimal premium aesthetic, centered composition, no text, no logos, no branding, no people, no patterned background."
57,"Shirts","shirt_beige_regular_washed-linen_15.png","Beige regular-fit spread-collar washed linen button-down shirt with long sleeves and straight hem, displayed flat-lay on the backdrop, collar slightly open, sleeves neatly aligned. Studio e-commerce catalog photography, seamless warm light gray backdrop, soft diffused overhead lighting, neutral color balance, sharp focus, visible fabric texture, minimal premium aesthetic, centered composition, no text, no logos, no branding, no people, no patterned background."
58,"Shirts","shirt_burgundy_slim_oxford-cotton_16.png","Burgundy slim-fit button-down-collar oxford cotton button-down shirt with long sleeves and curved hem, displayed flat-lay on the backdrop, collar slightly open, sleeves neatly aligned. Studio e-commerce catalog photography, seamless warm light gray backdrop, soft diffused overhead lighting, neutral color balance, sharp focus, visible fabric texture, minimal premium aesthetic, centered composition, no text, no logos, no branding, no people, no patterned background."
59,"Shirts","shirt_teal_regular_cotton-poplin_17.png","Teal regular-fit spread-collar cotton poplin button-down shirt with long sleeves and straight hem, displayed flat-lay on the backdrop, collar slightly open, sleeves neatly aligned. Studio e-commerce catalog photography, seamless warm light gray backdrop, soft diffused overhead lighting, neutral color balance, sharp focus, visible fabric texture, minimal premium aesthetic, centered composition, no text, no logos, no branding, no people, no patterned background."
60,"Shirts","shirt_sand_relaxed_linen-cotton-blend_18.png","Sand relaxed-fit mandarin-collar linen-cotton blend button-down shirt with long sleeves and curved hem, displayed flat-lay on the backdrop, collar slightly open, sleeves neatly aligned. Studio e-commerce catalog photography, seamless warm light gray backdrop, soft diffused overhead lighting, neutral color balance, sharp focus, visible fabric texture, minimal premium aesthetic, centered composition, no text, no logos, no branding, no people, no patterned background."
61,"Shirts","shirt_steel-blue_slim_chambray_19.png","Steel Blue slim-fit button-down-collar chambray button-down shirt with long sleeves and straight hem, displayed flat-lay on the backdrop, collar slightly open, sleeves neatly aligned. Studio e-commerce catalog photography, seamless warm light gray backdrop, soft diffused overhead lighting, neutral color balance, sharp focus, visible fabric texture, minimal premium aesthetic, centered composition, no text, no logos, no branding, no people, no patterned background."
62,"Shirts","shirt_cream_regular_cotton-poplin_20.png","Cream regular-fit spread-collar cotton poplin button-down shirt with long sleeves and curved hem, displayed flat-lay on the backdrop, collar slightly open, sleeves neatly aligned. Studio e-commerce catalog photography, seamless warm light gray backdrop, soft diffused overhead lighting, neutral color balance, sharp focus, visible fabric texture, minimal premium aesthetic, centered composition, no text, no logos, no branding, no people, no patterned background."
63,"Shirts","shirt_forest-green_slim_oxford-cotton_21.png","Forest Green slim-fit button-down-collar oxford cotton button-down shirt with long sleeves and straight hem, displayed flat-lay on the backdrop, collar slightly open, sleeves neatly aligned. Studio e-commerce catalog photography, seamless warm light gray backdrop, soft diffused overhead lighting, neutral color balance, sharp focus, visible fabric texture, minimal premium aesthetic, centered composition, no text, no logos, no branding, no people, no patterned background."
64,"Shirts","shirt_lavender_relaxed_washed-linen_22.png","Lavender relaxed-fit spread-collar washed linen button-down shirt with long sleeves and curved hem, displayed flat-lay on the backdrop, collar slightly open, sleeves neatly aligned. Studio e-commerce catalog photography, seamless warm light gray backdrop, soft diffused overhead lighting, neutral color balance, sharp focus, visible fabric texture, minimal premium aesthetic, centered composition, no text, no logos, no branding, no people, no patterned background."
65,"Shirts","shirt_rust_regular_chambray_23.png","Rust regular-fit button-down-collar chambray button-down shirt with long sleeves and straight hem, displayed flat-lay on the backdrop, collar slightly open, sleeves neatly aligned. Studio e-commerce catalog photography, seamless warm light gray backdrop, soft diffused overhead lighting, neutral color balance, sharp focus, visible fabric texture, minimal premium aesthetic, centered composition, no text, no logos, no branding, no people, no patterned background."
66,"Shirts","shirt_navy_tailored_cotton-poplin_24.png","Navy tailored-fit spread-collar cotton poplin button-down shirt with long sleeves and curved hem, displayed flat-lay on the backdrop, collar slightly open, sleeves neatly aligned. Studio e-commerce catalog photography, seamless warm light gray backdrop, soft diffused overhead lighting, neutral color balance, sharp focus, visible fabric texture, minimal premium aesthetic, centered composition, no text, no logos, no branding, no people, no patterned background."
67,"Shirts","shirt_white_slim_oxford-cotton_25.png","White slim-fit button-down-collar oxford cotton button-down shirt with long sleeves and straight hem, displayed flat-lay on the backdrop, collar slightly open, sleeves neatly aligned. Studio e-commerce catalog photography, seamless warm light gray backdrop, soft diffused overhead lighting, neutral color balance, sharp focus, visible fabric texture, minimal premium aesthetic, centered composition, no text, no logos, no branding, no people, no patterned background."
68,"Shirts","shirt_light-blue_regular_cotton-poplin_26.png","Light Blue regular-fit spread-collar cotton poplin button-down shirt with long sleeves and curved hem, displayed flat-lay on the backdrop, collar slightly open, sleeves neatly aligned. Studio e-commerce catalog photography, seamless warm light gray backdrop, soft diffused overhead lighting, neutral color balance, sharp focus, visible fabric texture, minimal premium aesthetic, centered composition, no text, no logos, no branding, no people, no patterned background."
69,"Shirts","shirt_charcoal_slim_oxford-cotton_27.png","Charcoal slim-fit button-down-collar oxford cotton button-down shirt with long sleeves and straight hem, displayed flat-lay on the backdrop, collar slightly open, sleeves neatly aligned. Studio e-commerce catalog photography, seamless warm light gray backdrop, soft diffused overhead lighting, neutral color balance, sharp focus, visible fabric texture, minimal premium aesthetic, centered composition, no text, no logos, no branding, no people, no patterned background."
70,"Shirts","shirt_mustard_relaxed_linen-cotton-blend_28.png","Mustard relaxed-fit mandarin-collar linen-cotton blend button-down shirt with long sleeves and curved hem, displayed flat-lay on the backdrop, collar slightly open, sleeves neatly aligned. Studio e-commerce catalog photography, seamless warm light gray backdrop, soft diffused overhead lighting, neutral color balance, sharp focus, visible fabric texture, minimal premium aesthetic, centered composition, no text, no logos, no branding, no people, no patterned background."
71,"Shirts","shirt_deep-green_regular_washed-linen_29.png","Deep Green regular-fit spread-collar washed linen button-down shirt with long sleeves and straight hem, displayed flat-lay on the backdrop, collar slightly open, sleeves neatly aligned. Studio e-commerce catalog photography, seamless warm light gray backdrop, soft diffused overhead lighting, neutral color balance, sharp focus, visible fabric texture, minimal premium aesthetic, centered composition, no text, no logos, no branding, no people, no patterned background."
72,"Shirts","shirt_coral_slim_chambray_30.png","Coral slim-fit button-down-collar chambray button-down shirt with long sleeves and curved hem, displayed flat-lay on the backdrop, collar slightly open, sleeves neatly aligned. Studio e-commerce catalog photography, seamless warm light gray backdrop, soft diffused overhead lighting, neutral color balance, sharp focus, visible fabric texture, minimal premium aesthetic, centered composition, no text, no logos, no branding, no people, no patterned background."
73,"Shirts","shirt_slate_regular_cotton-poplin_31.png","Slate regular-fit spread-collar cotton poplin button-down shirt with long sleeves and straight hem, displayed flat-lay on the backdrop, collar slightly open, sleeves neatly aligned. Studio e-commerce catalog photography, seamless warm light gray backdrop, soft diffused overhead lighting, neutral color balance, sharp focus, visible fabric texture, minimal premium aesthetic, centered composition, no text, no logos, no branding, no people, no patterned background."
74,"Shirts","shirt_wine_slim_oxford-cotton_32.png","Wine slim-fit button-down-collar oxford cotton button-down shirt with long sleeves and curved hem, displayed flat-lay on the backdrop, collar slightly open, sleeves neatly aligned. Studio e-commerce catalog photography, seamless warm light gray backdrop, soft diffused overhead lighting, neutral color balance, sharp focus, visible fabric texture, minimal premium aesthetic, centered composition, no text, no logos, no branding, no people, no patterned background."
75,"Shirts","shirt_pearl-white_regular_cotton-poplin_33.png","Pearl White regular-fit spread-collar cotton poplin button-down shirt with long sleeves and straight hem, displayed flat-lay on the backdrop, collar slightly open, sleeves neatly aligned. Studio e-commerce catalog photography, seamless warm light gray backdrop, soft diffused overhead lighting, neutral color balance, sharp focus, visible fabric texture, minimal premium aesthetic, centered composition, no text, no logos, no branding, no people, no patterned background."
76,"Shirts","shirt_denim-blue_relaxed_chambray_34.png","Denim Blue relaxed-fit button-down-collar chambray button-down shirt with long sleeves and curved hem, displayed flat-lay on the backdrop, collar slightly open, sleeves neatly aligned. Studio e-commerce catalog photography, seamless warm light gray backdrop, soft diffused overhead lighting, neutral color balance, sharp focus, visible fabric texture, minimal premium aesthetic, centered composition, no text, no logos, no branding, no people, no patterned background."
77,"Shirts","shirt_taupe_regular_washed-linen_35.png","Taupe regular-fit mandarin-collar washed linen button-down shirt with long sleeves and straight hem, displayed flat-lay on the backdrop, collar slightly open, sleeves neatly aligned. Studio e-commerce catalog photography, seamless warm light gray backdrop, soft diffused overhead lighting, neutral color balance, sharp focus, visible fabric texture, minimal premium aesthetic, centered composition, no text, no logos, no branding, no people, no patterned background."
78,"Shirts","shirt_aqua_slim_linen-cotton-blend_36.png","Aqua slim-fit spread-collar linen-cotton blend button-down shirt with long sleeves and curved hem, displayed flat-lay on the backdrop, collar slightly open, sleeves neatly aligned. Studio e-commerce catalog photography, seamless warm light gray backdrop, soft diffused overhead lighting, neutral color balance, sharp focus, visible fabric texture, minimal premium aesthetic, centered composition, no text, no logos, no branding, no people, no patterned background."
79,"Shirts","shirt_maroon_regular_oxford-cotton_37.png","Maroon regular-fit button-down-collar oxford cotton button-down shirt with long sleeves and straight hem, displayed flat-lay on the backdrop, collar slightly open, sleeves neatly aligned. Studio e-commerce catalog photography, seamless warm light gray backdrop, soft diffused overhead lighting, neutral color balance, sharp focus, visible fabric texture, minimal premium aesthetic, centered composition, no text, no logos, no branding, no people, no patterned background."
80,"Shirts","shirt_stone_relaxed_cotton-poplin_38.png","Stone relaxed-fit spread-collar cotton poplin button-down shirt with long sleeves and curved hem, displayed flat-lay on the backdrop, collar slightly open, sleeves neatly aligned. Studio e-commerce catalog photography, seamless warm light gray backdrop, soft diffused overhead lighting, neutral color balance, sharp focus, visible fabric texture, minimal premium aesthetic, centered composition, no text, no logos, no branding, no people, no patterned background."
81,"Shirts","shirt_plum_slim_chambray_39.png","Plum slim-fit button-down-collar chambray button-down shirt with long sleeves and straight hem, displayed flat-lay on the backdrop, collar slightly open, sleeves neatly aligned. Studio e-commerce catalog photography, seamless warm light gray backdrop, soft diffused overhead lighting, neutral color balance, sharp focus, visible fabric texture, minimal premium aesthetic, centered composition, no text, no logos, no branding, no people, no patterned background."
82,"Shirts","shirt_khaki_regular_washed-linen_40.png","Khaki regular-fit spread-collar washed linen button-down shirt with long sleeves and curved hem, displayed flat-lay on the backdrop, collar slightly open, sleeves neatly aligned. Studio e-commerce catalog photography, seamless warm light gray backdrop, soft diffused overhead lighting, neutral color balance, sharp focus, visible fabric texture, minimal premium aesthetic, centered composition, no text, no logos, no branding, no people, no patterned background."
83,"Shirts","shirt_graphite_slim_oxford-cotton_41.png","Graphite slim-fit button-down-collar oxford cotton button-down shirt with long sleeves and straight hem, displayed flat-lay on the backdrop, collar slightly open, sleeves neatly aligned. Studio e-commerce catalog photography, seamless warm light gray backdrop, soft diffused overhead lighting, neutral color balance, sharp focus, visible fabric texture, minimal premium aesthetic, centered composition, no text, no logos, no branding, no people, no patterned background."
84,"Shirts","shirt_soft-pink_regular_cotton-poplin_42.png","Soft Pink regular-fit spread-collar cotton poplin button-down shirt with long sleeves and curved hem, displayed flat-lay on the backdrop, collar slightly open, sleeves neatly aligned. Studio e-commerce catalog photography, seamless warm light gray backdrop, soft diffused overhead lighting, neutral color balance, sharp focus, visible fabric texture, minimal premium aesthetic, centered composition, no text, no logos, no branding, no people, no patterned background."
85,"Jeans/Pants","jeans_indigo_slim-fit_12oz-denim_01.png","Indigo slim-fit 12oz denim jeans, dark wash, displayed flat-lay on the backdrop, legs straightened with subtle natural drape. Studio e-commerce catalog photography, seamless warm light gray backdrop, soft diffused overhead lighting, neutral color balance, sharp focus, visible fabric texture, minimal premium aesthetic, centered composition, no text, no logos, no branding, no people, no patterned background."
86,"Jeans/Pants","jeans_black_straight-fit_stretch-denim_02.png","Black straight-fit stretch denim jeans, dark wash, displayed flat-lay on the backdrop, legs straightened with subtle natural drape. Studio e-commerce catalog photography, seamless warm light gray backdrop, soft diffused overhead lighting, neutral color balance, sharp focus, visible fabric texture, minimal premium aesthetic, centered composition, no text, no logos, no branding, no people, no patterned background."
87,"Jeans/Pants","jeans_mid-blue_slim-fit_12oz-denim_03.png","Mid-Blue slim-fit 12oz denim jeans, mid wash, displayed flat-lay on the backdrop, legs straightened with subtle natural drape. Studio e-commerce catalog photography, seamless warm light gray backdrop, soft diffused overhead lighting, neutral color balance, sharp focus, visible fabric texture, minimal premium aesthetic, centered composition, no text, no logos, no branding, no people, no patterned background."
88,"Jeans/Pants","jeans_light-wash-blue_relaxed-fit_lightweight-denim_04.png","Light Wash Blue relaxed-fit lightweight denim jeans, light wash, displayed flat-lay on the backdrop, legs straightened with subtle natural drape. Studio e-commerce catalog photography, seamless warm light gray backdrop, soft diffused overhead lighting, neutral color balance, sharp focus, visible fabric texture, minimal premium aesthetic, centered composition, no text, no logos, no branding, no people, no patterned background."
89,"Jeans/Pants","jeans_charcoal_tapered_stretch-denim_05.png","Charcoal tapered stretch denim jeans, dark wash, displayed flat-lay on the backdrop, legs straightened with subtle natural drape. Studio e-commerce catalog photography, seamless warm light gray backdrop, soft diffused overhead lighting, neutral color balance, sharp focus, visible fabric texture, minimal premium aesthetic, centered composition, no text, no logos, no branding, no people, no patterned background."
90,"Jeans/Pants","jeans_khaki_straight-fit_chino-cotton_06.png","Khaki straight-fit chino cotton chinos, mid wash, displayed flat-lay on the backdrop, legs straightened with subtle natural drape. Studio e-commerce catalog photography, seamless warm light gray backdrop, soft diffused overhead lighting, neutral color balance, sharp focus, visible fabric texture, minimal premium aesthetic, centered composition, no text, no logos, no branding, no people, no patterned background."
91,"Jeans/Pants","jeans_olive_slim-fit_twill-cotton_07.png","Olive slim-fit twill cotton trousers, mid wash, displayed flat-lay on the backdrop, legs straightened with subtle natural drape. Studio e-commerce catalog photography, seamless warm light gray backdrop, soft diffused overhead lighting, neutral color balance, sharp focus, visible fabric texture, minimal premium aesthetic, centered composition, no text, no logos, no branding, no people, no patterned background."
92,"Jeans/Pants","jeans_navy_straight-fit_chino-cotton_08.png","Navy straight-fit chino cotton chinos, dark wash, displayed flat-lay on the backdrop, legs straightened with subtle natural drape. Studio e-commerce catalog photography, seamless warm light gray backdrop, soft diffused overhead lighting, neutral color balance, sharp focus, visible fabric texture, minimal premium aesthetic, centered composition, no text, no logos, no branding, no people, no patterned background."
93,"Jeans/Pants","jeans_stone_relaxed-fit_twill-cotton_09.png","Stone relaxed-fit twill cotton trousers, light wash, displayed flat-lay on the backdrop, legs straightened with subtle natural drape. Studio e-commerce catalog photography, seamless warm light gray backdrop, soft diffused overhead lighting, neutral color balance, sharp focus, visible fabric texture, minimal premium aesthetic, centered composition, no text, no logos, no branding, no people, no patterned background."
94,"Jeans/Pants","jeans_raw-indigo_slim-fit_12oz-denim_10.png","Raw Indigo slim-fit 12oz denim jeans, raw wash, displayed flat-lay on the backdrop, legs straightened with subtle natural drape. Studio e-commerce catalog photography, seamless warm light gray backdrop, soft diffused overhead lighting, neutral color balance, sharp focus, visible fabric texture, minimal premium aesthetic, centered composition, no text, no logos, no branding, no people, no patterned background."
95,"Jeans/Pants","jeans_vintage-blue_straight-fit_12oz-denim_11.png","Vintage Blue straight-fit 12oz denim jeans, vintage wash, displayed flat-lay on the backdrop, legs straightened with subtle natural drape. Studio e-commerce catalog photography, seamless warm light gray backdrop, soft diffused overhead lighting, neutral color balance, sharp focus, visible fabric texture, minimal premium aesthetic, centered composition, no text, no logos, no branding, no people, no patterned background."
96,"Jeans/Pants","jeans_gray_tapered_stretch-denim_12.png","Gray tapered stretch denim jeans, mid wash, displayed flat-lay on the backdrop, legs straightened with subtle natural drape. Studio e-commerce catalog photography, seamless warm light gray backdrop, soft diffused overhead lighting, neutral color balance, sharp focus, visible fabric texture, minimal premium aesthetic, centered composition, no text, no logos, no branding, no people, no patterned background."
97,"Jeans/Pants","jeans_sand_relaxed-fit_chino-cotton_13.png","Sand relaxed-fit chino cotton chinos, light wash, displayed flat-lay on the backdrop, legs straightened with subtle natural drape. Studio e-commerce catalog photography, seamless warm light gray backdrop, soft diffused overhead lighting, neutral color balance, sharp focus, visible fabric texture, minimal premium aesthetic, centered composition, no text, no logos, no branding, no people, no patterned background."
98,"Jeans/Pants","jeans_deep-blue_slim-fit_stretch-denim_14.png","Deep Blue slim-fit stretch denim jeans, indigo wash, displayed flat-lay on the backdrop, legs straightened with subtle natural drape. Studio e-commerce catalog photography, seamless warm light gray backdrop, soft diffused overhead lighting, neutral color balance, sharp focus, visible fabric texture, minimal premium aesthetic, centered composition, no text, no logos, no branding, no people, no patterned background."
99,"Jeans/Pants","jeans_black_wide-leg_12oz-denim_15.png","Black wide-leg 12oz denim jeans, dark wash, displayed flat-lay on the backdrop, legs straightened with subtle natural drape. Studio e-commerce catalog photography, seamless warm light gray backdrop, soft diffused overhead lighting, neutral color balance, sharp focus, visible fabric texture, minimal premium aesthetic, centered composition, no text, no logos, no branding, no people, no patterned background."
100,"Jeans/Pants","jeans_camel_straight-fit_twill-cotton_16.png","Camel straight-fit twill cotton trousers, mid wash, displayed flat-lay on the backdrop, legs straightened with subtle natural drape. Studio e-commerce catalog photography, seamless warm light gray backdrop, soft diffused overhead lighting, neutral color balance, sharp focus, visible fabric texture, minimal premium aesthetic, centered composition, no text, no logos, no branding, no people, no patterned background."
101,"Jeans/Pants","jeans_forest-green_slim-fit_chino-cotton_17.png","Forest Green slim-fit chino cotton chinos, dark wash, displayed flat-lay on the backdrop, legs straightened with subtle natural drape. Studio e-commerce catalog photography, seamless warm light gray backdrop, soft diffused overhead lighting, neutral color balance, sharp focus, visible fabric texture, minimal premium aesthetic, centered composition, no text, no logos, no branding, no people, no patterned background."
102,"Jeans/Pants","jeans_bleached-blue_relaxed-fit_lightweight-denim_18.png","Bleached Blue relaxed-fit lightweight denim jeans, light wash, displayed flat-lay on the backdrop, legs straightened with subtle natural drape. Studio e-commerce catalog photography, seamless warm light gray backdrop, soft diffused overhead lighting, neutral color balance, sharp focus, visible fabric texture, minimal premium aesthetic, centered composition, no text, no logos, no branding, no people, no patterned background."
103,"Jeans/Pants","jeans_slate_tapered_stretch-denim_19.png","Slate tapered stretch denim jeans, mid wash, displayed flat-lay on the backdrop, legs straightened with subtle natural drape. Studio e-commerce catalog photography, seamless warm light gray backdrop, soft diffused overhead lighting, neutral color balance, sharp focus, visible fabric texture, minimal premium aesthetic, centered composition, no text, no logos, no branding, no people, no patterned background."
104,"Jeans/Pants","jeans_burgundy_straight-fit_twill-cotton_20.png","Burgundy straight-fit twill cotton trousers, dark wash, displayed flat-lay on the backdrop, legs straightened with subtle natural drape. Studio e-commerce catalog photography, seamless warm light gray backdrop, soft diffused overhead lighting, neutral color balance, sharp focus, visible fabric texture, minimal premium aesthetic, centered composition, no text, no logos, no branding, no people, no patterned background."
105,"Jeans/Pants","jeans_white_slim-fit_chino-cotton_21.png","White slim-fit chino cotton chinos, light wash, displayed flat-lay on the backdrop, legs straightened with subtle natural drape. Studio e-commerce catalog photography, seamless warm light gray backdrop, soft diffused overhead lighting, neutral color balance, sharp focus, visible fabric texture, minimal premium aesthetic, centered composition, no text, no logos, no branding, no people, no patterned background."
106,"Jeans/Pants","jeans_midnight_straight-fit_12oz-denim_22.png","Midnight straight-fit 12oz denim jeans, dark wash, displayed flat-lay on the backdrop, legs straightened with subtle natural drape. Studio e-commerce catalog photography, seamless warm light gray backdrop, soft diffused overhead lighting, neutral color balance, sharp focus, visible fabric texture, minimal premium aesthetic, centered composition, no text, no logos, no branding, no people, no patterned background."
107,"Jeans/Pants","jeans_faded-blue_relaxed-fit_12oz-denim_23.png","Faded Blue relaxed-fit 12oz denim jeans, vintage wash, displayed flat-lay on the backdrop, legs straightened with subtle natural drape. Studio e-commerce catalog photography, seamless warm light gray backdrop, soft diffused overhead lighting, neutral color balance, sharp focus, visible fabric texture, minimal premium aesthetic, centered composition, no text, no logos, no branding, no people, no patterned background."
108,"Jeans/Pants","jeans_tan_slim-fit_twill-cotton_24.png","Tan slim-fit twill cotton trousers, mid wash, displayed flat-lay on the backdrop, legs straightened with subtle natural drape. Studio e-commerce catalog photography, seamless warm light gray backdrop, soft diffused overhead lighting, neutral color balance, sharp focus, visible fabric texture, minimal premium aesthetic, centered composition, no text, no logos, no branding, no people, no patterned background."
109,"Jeans/Pants","jeans_denim-black_tapered_stretch-denim_25.png","Denim Black tapered stretch denim jeans, dark wash, displayed flat-lay on the backdrop, legs straightened with subtle natural drape. Studio e-commerce catalog photography, seamless warm light gray backdrop, soft diffused overhead lighting, neutral color balance, sharp focus, visible fabric texture, minimal premium aesthetic, centered composition, no text, no logos, no branding, no people, no patterned background."
110,"Jeans/Pants","jeans_steel-blue_straight-fit_chino-cotton_26.png","Steel Blue straight-fit chino cotton chinos, mid wash, displayed flat-lay on the backdrop, legs straightened with subtle natural drape. Studio e-commerce catalog photography, seamless warm light gray backdrop, soft diffused overhead lighting, neutral color balance, sharp focus, visible fabric texture, minimal premium aesthetic, centered composition, no text, no logos, no branding, no people, no patterned background."
111,"Jeans/Pants","jeans_espresso_slim-fit_twill-cotton_27.png","Espresso slim-fit twill cotton trousers, dark wash, displayed flat-lay on the backdrop, legs straightened with subtle natural drape. Studio e-commerce catalog photography, seamless warm light gray backdrop, soft diffused overhead lighting, neutral color balance, sharp focus, visible fabric texture, minimal premium aesthetic, centered composition, no text, no logos, no branding, no people, no patterned background."
112,"Jeans/Pants","jeans_sky-blue_relaxed-fit_lightweight-denim_28.png","Sky Blue relaxed-fit lightweight denim jeans, light wash, displayed flat-lay on the backdrop, legs straightened with subtle natural drape. Studio e-commerce catalog photography, seamless warm light gray backdrop, soft diffused overhead lighting, neutral color balance, sharp focus, visible fabric texture, minimal premium aesthetic, centered composition, no text, no logos, no branding, no people, no patterned background."
113,"Jeans/Pants","jeans_graphite_straight-fit_stretch-denim_29.png","Graphite straight-fit stretch denim jeans, dark wash, displayed flat-lay on the backdrop, legs straightened with subtle natural drape. Studio e-commerce catalog photography, seamless warm light gray backdrop, soft diffused overhead lighting, neutral color balance, sharp focus, visible fabric texture, minimal premium aesthetic, centered composition, no text, no logos, no branding, no people, no patterned background."
114,"Jeans/Pants","jeans_mustard_relaxed-fit_chino-cotton_30.png","Mustard relaxed-fit chino cotton chinos, mid wash, displayed flat-lay on the backdrop, legs straightened with subtle natural drape. Studio e-commerce catalog photography, seamless warm light gray backdrop, soft diffused overhead lighting, neutral color balance, sharp focus, visible fabric texture, minimal premium aesthetic, centered composition, no text, no logos, no branding, no people, no patterned background."
115,"Jeans/Pants","jeans_deep-indigo_slim-fit_12oz-denim_31.png","Deep Indigo slim-fit 12oz denim jeans, indigo wash, displayed flat-lay on the backdrop, legs straightened with subtle natural drape. Studio e-commerce catalog photography, seamless warm light gray backdrop, soft diffused overhead lighting, neutral color balance, sharp focus, visible fabric texture, minimal premium aesthetic, centered composition, no text, no logos, no branding, no people, no patterned background."
116,"Jeans/Pants","jeans_pebble-gray_tapered_twill-cotton_32.png","Pebble Gray tapered twill cotton trousers, light wash, displayed flat-lay on the backdrop, legs straightened with subtle natural drape. Studio e-commerce catalog photography, seamless warm light gray backdrop, soft diffused overhead lighting, neutral color balance, sharp focus, visible fabric texture, minimal premium aesthetic, centered composition, no text, no logos, no branding, no people, no patterned background."
117,"Jeans/Pants","jeans_classic-blue_straight-fit_12oz-denim_33.png","Classic Blue straight-fit 12oz denim jeans, mid wash, displayed flat-lay on the backdrop, legs straightened with subtle natural drape. Studio e-commerce catalog photography, seamless warm light gray backdrop, soft diffused overhead lighting, neutral color balance, sharp focus, visible fabric texture, minimal premium aesthetic, centered composition, no text, no logos, no branding, no people, no patterned background."
118,"Jeans/Pants","jeans_army-green_slim-fit_chino-cotton_34.png","Army Green slim-fit chino cotton chinos, dark wash, displayed flat-lay on the backdrop, legs straightened with subtle natural drape. Studio e-commerce catalog photography, seamless warm light gray backdrop, soft diffused overhead lighting, neutral color balance, sharp focus, visible fabric texture, minimal premium aesthetic, centered composition, no text, no logos, no branding, no people, no patterned background."
119,"Jeans/Pants","jeans_washed-black_relaxed-fit_stretch-denim_35.png","Washed Black relaxed-fit stretch denim jeans, dark wash, displayed flat-lay on the backdrop, legs straightened with subtle natural drape. Studio e-commerce catalog photography, seamless warm light gray backdrop, soft diffused overhead lighting, neutral color balance, sharp focus, visible fabric texture, minimal premium aesthetic, centered composition, no text, no logos, no branding, no people, no patterned background."
120,"Jeans/Pants","jeans_cream_straight-fit_twill-cotton_36.png","Cream straight-fit twill cotton trousers, light wash, displayed flat-lay on the backdrop, legs straightened with subtle natural drape. Studio e-commerce catalog photography, seamless warm light gray backdrop, soft diffused overhead lighting, neutral color balance, sharp focus, visible fabric texture, minimal premium aesthetic, centered composition, no text, no logos, no branding, no people, no patterned background."
121,"Jeans/Pants","jeans_blue-gray_slim-fit_12oz-denim_37.png","Blue Gray slim-fit 12oz denim jeans, mid wash, displayed flat-lay on the backdrop, legs straightened with subtle natural drape. Studio e-commerce catalog photography, seamless warm light gray backdrop, soft diffused overhead lighting, neutral color balance, sharp focus, visible fabric texture, minimal premium aesthetic, centered composition, no text, no logos, no branding, no people, no patterned background."
122,"Jeans/Pants","jeans_rust_tapered_chino-cotton_38.png","Rust tapered chino cotton chinos, mid wash, displayed flat-lay on the backdrop, legs straightened with subtle natural drape. Studio e-commerce catalog photography, seamless warm light gray backdrop, soft diffused overhead lighting, neutral color balance, sharp focus, visible fabric texture, minimal premium aesthetic, centered composition, no text, no logos, no branding, no people, no patterned background."
123,"Jeans/Pants","jeans_coal_wide-leg_12oz-denim_39.png","Coal wide-leg 12oz denim jeans, dark wash, displayed flat-lay on the backdrop, legs straightened with subtle natural drape. Studio e-commerce catalog photography, seamless warm light gray backdrop, soft diffused overhead lighting, neutral color balance, sharp focus, visible fabric texture, minimal premium aesthetic, centered composition, no text, no logos, no branding, no people, no patterned background."
124,"Jeans/Pants","jeans_beige_relaxed-fit_twill-cotton_40.png","Beige relaxed-fit twill cotton trousers, light wash, displayed flat-lay on the backdrop, legs straightened with subtle natural drape. Studio e-commerce catalog photography, seamless warm light gray backdrop, soft diffused overhead lighting, neutral color balance, sharp focus, visible fabric texture, minimal premium aesthetic, centered composition, no text, no logos, no branding, no people, no patterned background."
125,"Jeans/Pants","jeans_electric-blue_slim-fit_stretch-denim_41.png","Electric Blue slim-fit stretch denim jeans, mid wash, displayed flat-lay on the backdrop, legs straightened with subtle natural drape. Studio e-commerce catalog photography, seamless warm light gray backdrop, soft diffused overhead lighting, neutral color balance, sharp focus, visible fabric texture, minimal premium aesthetic, centered composition, no text, no logos, no branding, no people, no patterned background."
126,"Jeans/Pants","jeans_dark-olive_straight-fit_chino-cotton_42.png","Dark Olive straight-fit chino cotton chinos, dark wash, displayed flat-lay on the backdrop, legs straightened with subtle natural drape. Studio e-commerce catalog photography, seamless warm light gray backdrop, soft diffused overhead lighting, neutral color balance, sharp focus, visible fabric texture, minimal premium aesthetic, centered composition, no text, no logos, no branding, no people, no patterned background."
127,"Jackets","jacket_navy_tailored_travel-blazer_01.png","Navy tailored travel blazer in wool-poly blend, hung on a clean wooden hanger against the backdrop, three-quarter angle, lapels visible, stitching detail clearly rendered. Studio e-commerce catalog photography, seamless warm light gray backdrop, soft diffused overhead lighting, neutral color balance, sharp focus, visible fabric texture, minimal premium aesthetic, centered composition, no text, no logos, no branding, no people, no patterned background."
128,"Jackets","jacket_charcoal_relaxed_lightweight-bomber_02.png","Charcoal relaxed lightweight bomber in technical nylon-cotton, hung on a clean wooden hanger against the backdrop, three-quarter angle, lapels visible, stitching detail clearly rendered. Studio e-commerce catalog photography, seamless warm light gray backdrop, soft diffused overhead lighting, neutral color balance, sharp focus, visible fabric texture, minimal premium aesthetic, centered composition, no text, no logos, no branding, no people, no patterned background."
129,"Jackets","jacket_camel_tailored_soft-shoulder-blazer_03.png","Camel tailored soft-shoulder blazer in merino wool, hung on a clean wooden hanger against the backdrop, three-quarter angle, lapels visible, stitching detail clearly rendered. Studio e-commerce catalog photography, seamless warm light gray backdrop, soft diffused overhead lighting, neutral color balance, sharp focus, visible fabric texture, minimal premium aesthetic, centered composition, no text, no logos, no branding, no people, no patterned background."
130,"Jackets","jacket_olive_relaxed_packable-jacket_04.png","Olive relaxed packable jacket in recycled polyester, hung on a clean wooden hanger against the backdrop, three-quarter angle, lapels visible, stitching detail clearly rendered. Studio e-commerce catalog photography, seamless warm light gray backdrop, soft diffused overhead lighting, neutral color balance, sharp focus, visible fabric texture, minimal premium aesthetic, centered composition, no text, no logos, no branding, no people, no patterned background."
131,"Jackets","jacket_slate-gray_tailored_travel-blazer_05.png","Slate Gray tailored travel blazer in wool-poly blend, hung on a clean wooden hanger against the backdrop, three-quarter angle, lapels visible, stitching detail clearly rendered. Studio e-commerce catalog photography, seamless warm light gray backdrop, soft diffused overhead lighting, neutral color balance, sharp focus, visible fabric texture, minimal premium aesthetic, centered composition, no text, no logos, no branding, no people, no patterned background."
132,"Jackets","jacket_deep-burgundy_tailored_soft-shoulder-blazer_06.png","Deep Burgundy tailored soft-shoulder blazer in merino wool, hung on a clean wooden hanger against the backdrop, three-quarter angle, lapels visible, stitching detail clearly rendered. Studio e-commerce catalog photography, seamless warm light gray backdrop, soft diffused overhead lighting, neutral color balance, sharp focus, visible fabric texture, minimal premium aesthetic, centered composition, no text, no logos, no branding, no people, no patterned background."
133,"Jackets","jacket_black_relaxed_lightweight-bomber_07.png","Black relaxed lightweight bomber in technical nylon-cotton, hung on a clean wooden hanger against the backdrop, three-quarter angle, lapels visible, stitching detail clearly rendered. Studio e-commerce catalog photography, seamless warm light gray backdrop, soft diffused overhead lighting, neutral color balance, sharp focus, visible fabric texture, minimal premium aesthetic, centered composition, no text, no logos, no branding, no people, no patterned background."
134,"Jackets","jacket_sand_relaxed_packable-jacket_08.png","Sand relaxed packable jacket in recycled polyester, hung on a clean wooden hanger against the backdrop, three-quarter angle, lapels visible, stitching detail clearly rendered. Studio e-commerce catalog photography, seamless warm light gray backdrop, soft diffused overhead lighting, neutral color balance, sharp focus, visible fabric texture, minimal premium aesthetic, centered composition, no text, no logos, no branding, no people, no patterned background."
135,"Jackets","jacket_midnight-blue_tailored_travel-blazer_09.png","Midnight Blue tailored travel blazer in wool-poly blend, hung on a clean wooden hanger against the backdrop, three-quarter angle, lapels visible, stitching detail clearly rendered. Studio e-commerce catalog photography, seamless warm light gray backdrop, soft diffused overhead lighting, neutral color balance, sharp focus, visible fabric texture, minimal premium aesthetic, centered composition, no text, no logos, no branding, no people, no patterned background."
136,"Jackets","jacket_forest-green_relaxed_packable-jacket_10.png","Forest Green relaxed packable jacket in recycled polyester, hung on a clean wooden hanger against the backdrop, three-quarter angle, lapels visible, stitching detail clearly rendered. Studio e-commerce catalog photography, seamless warm light gray backdrop, soft diffused overhead lighting, neutral color balance, sharp focus, visible fabric texture, minimal premium aesthetic, centered composition, no text, no logos, no branding, no people, no patterned background."
137,"Jackets","jacket_stone_tailored_soft-shoulder-blazer_11.png","Stone tailored soft-shoulder blazer in merino wool, hung on a clean wooden hanger against the backdrop, three-quarter angle, lapels visible, stitching detail clearly rendered. Studio e-commerce catalog photography, seamless warm light gray backdrop, soft diffused overhead lighting, neutral color balance, sharp focus, visible fabric texture, minimal premium aesthetic, centered composition, no text, no logos, no branding, no people, no patterned background."
138,"Jackets","jacket_teal_relaxed_lightweight-bomber_12.png","Teal relaxed lightweight bomber in technical nylon-cotton, hung on a clean wooden hanger against the backdrop, three-quarter angle, lapels visible, stitching detail clearly rendered. Studio e-commerce catalog photography, seamless warm light gray backdrop, soft diffused overhead lighting, neutral color balance, sharp focus, visible fabric texture, minimal premium aesthetic, centered composition, no text, no logos, no branding, no people, no patterned background."
139,"Jackets","jacket_graphite_tailored_travel-blazer_13.png","Graphite tailored travel blazer in wool-poly blend, hung on a clean wooden hanger against the backdrop, three-quarter angle, lapels visible, stitching detail clearly rendered. Studio e-commerce catalog photography, seamless warm light gray backdrop, soft diffused overhead lighting, neutral color balance, sharp focus, visible fabric texture, minimal premium aesthetic, centered composition, no text, no logos, no branding, no people, no patterned background."
140,"Jackets","jacket_tan_relaxed_packable-jacket_14.png","Tan relaxed packable jacket in recycled polyester, hung on a clean wooden hanger against the backdrop, three-quarter angle, lapels visible, stitching detail clearly rendered. Studio e-commerce catalog photography, seamless warm light gray backdrop, soft diffused overhead lighting, neutral color balance, sharp focus, visible fabric texture, minimal premium aesthetic, centered composition, no text, no logos, no branding, no people, no patterned background."
141,"Jackets","jacket_wine_tailored_soft-shoulder-blazer_15.png","Wine tailored soft-shoulder blazer in merino wool, hung on a clean wooden hanger against the backdrop, three-quarter angle, lapels visible, stitching detail clearly rendered. Studio e-commerce catalog photography, seamless warm light gray backdrop, soft diffused overhead lighting, neutral color balance, sharp focus, visible fabric texture, minimal premium aesthetic, centered composition, no text, no logos, no branding, no people, no patterned background."
142,"Jackets","jacket_steel-blue_relaxed_lightweight-bomber_16.png","Steel Blue relaxed lightweight bomber in technical nylon-cotton, hung on a clean wooden hanger against the backdrop, three-quarter angle, lapels visible, stitching detail clearly rendered. Studio e-commerce catalog photography, seamless warm light gray backdrop, soft diffused overhead lighting, neutral color balance, sharp focus, visible fabric texture, minimal premium aesthetic, centered composition, no text, no logos, no branding, no people, no patterned background."
143,"Jackets","jacket_espresso_tailored_travel-blazer_17.png","Espresso tailored travel blazer in wool-poly blend, hung on a clean wooden hanger against the backdrop, three-quarter angle, lapels visible, stitching detail clearly rendered. Studio e-commerce catalog photography, seamless warm light gray backdrop, soft diffused overhead lighting, neutral color balance, sharp focus, visible fabric texture, minimal premium aesthetic, centered composition, no text, no logos, no branding, no people, no patterned background."
144,"Jackets","jacket_sage_relaxed_packable-jacket_18.png","Sage relaxed packable jacket in recycled polyester, hung on a clean wooden hanger against the backdrop, three-quarter angle, lapels visible, stitching detail clearly rendered. Studio e-commerce catalog photography, seamless warm light gray backdrop, soft diffused overhead lighting, neutral color balance, sharp focus, visible fabric texture, minimal premium aesthetic, centered composition, no text, no logos, no branding, no people, no patterned background."
145,"Jackets","jacket_pewter_tailored_soft-shoulder-blazer_19.png","Pewter tailored soft-shoulder blazer in merino wool, hung on a clean wooden hanger against the backdrop, three-quarter angle, lapels visible, stitching detail clearly rendered. Studio e-commerce catalog photography, seamless warm light gray backdrop, soft diffused overhead lighting, neutral color balance, sharp focus, visible fabric texture, minimal premium aesthetic, centered composition, no text, no logos, no branding, no people, no patterned background."
146,"Jackets","jacket_rust_relaxed_lightweight-bomber_20.png","Rust relaxed lightweight bomber in technical nylon-cotton, hung on a clean wooden hanger against the backdrop, three-quarter angle, lapels visible, stitching detail clearly rendered. Studio e-commerce catalog photography, seamless warm light gray backdrop, soft diffused overhead lighting, neutral color balance, sharp focus, visible fabric texture, minimal premium aesthetic, centered composition, no text, no logos, no branding, no people, no patterned background."
147,"Jackets","jacket_ivory_tailored_travel-blazer_21.png","Ivory tailored travel blazer in wool-poly blend, hung on a clean wooden hanger against the backdrop, three-quarter angle, lapels visible, stitching detail clearly rendered. Studio e-commerce catalog photography, seamless warm light gray backdrop, soft diffused overhead lighting, neutral color balance, sharp focus, visible fabric texture, minimal premium aesthetic, centered composition, no text, no logos, no branding, no people, no patterned background."
148,"Jackets","jacket_denim-blue_relaxed_packable-jacket_22.png","Denim Blue relaxed packable jacket in recycled polyester, hung on a clean wooden hanger against the backdrop, three-quarter angle, lapels visible, stitching detail clearly rendered. Studio e-commerce catalog photography, seamless warm light gray backdrop, soft diffused overhead lighting, neutral color balance, sharp focus, visible fabric texture, minimal premium aesthetic, centered composition, no text, no logos, no branding, no people, no patterned background."
149,"Jackets","jacket_plum_tailored_soft-shoulder-blazer_23.png","Plum tailored soft-shoulder blazer in merino wool, hung on a clean wooden hanger against the backdrop, three-quarter angle, lapels visible, stitching detail clearly rendered. Studio e-commerce catalog photography, seamless warm light gray backdrop, soft diffused overhead lighting, neutral color balance, sharp focus, visible fabric texture, minimal premium aesthetic, centered composition, no text, no logos, no branding, no people, no patterned background."
150,"Jackets","jacket_khaki_relaxed_lightweight-bomber_24.png","Khaki relaxed lightweight bomber in technical nylon-cotton, hung on a clean wooden hanger against the backdrop, three-quarter angle, lapels visible, stitching detail clearly rendered. Studio e-commerce catalog photography, seamless warm light gray backdrop, soft diffused overhead lighting, neutral color balance, sharp focus, visible fabric texture, minimal premium aesthetic, centered composition, no text, no logos, no branding, no people, no patterned background."
151,"Jackets","jacket_charcoal_tailored_travel-blazer_25.png","Charcoal tailored travel blazer in merino wool, hung on a clean wooden hanger against the backdrop, three-quarter angle, lapels visible, stitching detail clearly rendered. Studio e-commerce catalog photography, seamless warm light gray backdrop, soft diffused overhead lighting, neutral color balance, sharp focus, visible fabric texture, minimal premium aesthetic, centered composition, no text, no logos, no branding, no people, no patterned background."
152,"Jackets","jacket_navy_relaxed_packable-jacket_26.png","Navy relaxed packable jacket in recycled polyester, hung on a clean wooden hanger against the backdrop, three-quarter angle, lapels visible, stitching detail clearly rendered. Studio e-commerce catalog photography, seamless warm light gray backdrop, soft diffused overhead lighting, neutral color balance, sharp focus, visible fabric texture, minimal premium aesthetic, centered composition, no text, no logos, no branding, no people, no patterned background."
153,"Jackets","jacket_brown_tailored_soft-shoulder-blazer_27.png","Brown tailored soft-shoulder blazer in wool-poly blend, hung on a clean wooden hanger against the backdrop, three-quarter angle, lapels visible, stitching detail clearly rendered. Studio e-commerce catalog photography, seamless warm light gray backdrop, soft diffused overhead lighting, neutral color balance, sharp focus, visible fabric texture, minimal premium aesthetic, centered composition, no text, no logos, no branding, no people, no patterned background."
154,"Jackets","jacket_olive_relaxed_lightweight-bomber_28.png","Olive relaxed lightweight bomber in technical nylon-cotton, hung on a clean wooden hanger against the backdrop, three-quarter angle, lapels visible, stitching detail clearly rendered. Studio e-commerce catalog photography, seamless warm light gray backdrop, soft diffused overhead lighting, neutral color balance, sharp focus, visible fabric texture, minimal premium aesthetic, centered composition, no text, no logos, no branding, no people, no patterned background."
155,"Jackets","jacket_light-gray_tailored_travel-blazer_29.png","Light Gray tailored travel blazer in wool-poly blend, hung on a clean wooden hanger against the backdrop, three-quarter angle, lapels visible, stitching detail clearly rendered. Studio e-commerce catalog photography, seamless warm light gray backdrop, soft diffused overhead lighting, neutral color balance, sharp focus, visible fabric texture, minimal premium aesthetic, centered composition, no text, no logos, no branding, no people, no patterned background."
156,"Jackets","jacket_cobalt_relaxed_packable-jacket_30.png","Cobalt relaxed packable jacket in recycled polyester, hung on a clean wooden hanger against the backdrop, three-quarter angle, lapels visible, stitching detail clearly rendered. Studio e-commerce catalog photography, seamless warm light gray backdrop, soft diffused overhead lighting, neutral color balance, sharp focus, visible fabric texture, minimal premium aesthetic, centered composition, no text, no logos, no branding, no people, no patterned background."
157,"Jackets","jacket_maroon_tailored_soft-shoulder-blazer_31.png","Maroon tailored soft-shoulder blazer in merino wool, hung on a clean wooden hanger against the backdrop, three-quarter angle, lapels visible, stitching detail clearly rendered. Studio e-commerce catalog photography, seamless warm light gray backdrop, soft diffused overhead lighting, neutral color balance, sharp focus, visible fabric texture, minimal premium aesthetic, centered composition, no text, no logos, no branding, no people, no patterned background."
158,"Jackets","jacket_beige_relaxed_lightweight-bomber_32.png","Beige relaxed lightweight bomber in technical nylon-cotton, hung on a clean wooden hanger against the backdrop, three-quarter angle, lapels visible, stitching detail clearly rendered. Studio e-commerce catalog photography, seamless warm light gray backdrop, soft diffused overhead lighting, neutral color balance, sharp focus, visible fabric texture, minimal premium aesthetic, centered composition, no text, no logos, no branding, no people, no patterned background."
159,"Jackets","jacket_dark-green_tailored_travel-blazer_33.png","Dark Green tailored travel blazer in wool-poly blend, hung on a clean wooden hanger against the backdrop, three-quarter angle, lapels visible, stitching detail clearly rendered. Studio e-commerce catalog photography, seamless warm light gray backdrop, soft diffused overhead lighting, neutral color balance, sharp focus, visible fabric texture, minimal premium aesthetic, centered composition, no text, no logos, no branding, no people, no patterned background."
160,"Jackets","jacket_slate_relaxed_packable-jacket_34.png","Slate relaxed packable jacket in recycled polyester, hung on a clean wooden hanger against the backdrop, three-quarter angle, lapels visible, stitching detail clearly rendered. Studio e-commerce catalog photography, seamless warm light gray backdrop, soft diffused overhead lighting, neutral color balance, sharp focus, visible fabric texture, minimal premium aesthetic, centered composition, no text, no logos, no branding, no people, no patterned background."
161,"Jackets","jacket_taupe_tailored_soft-shoulder-blazer_35.png","Taupe tailored soft-shoulder blazer in merino wool, hung on a clean wooden hanger against the backdrop, three-quarter angle, lapels visible, stitching detail clearly rendered. Studio e-commerce catalog photography, seamless warm light gray backdrop, soft diffused overhead lighting, neutral color balance, sharp focus, visible fabric texture, minimal premium aesthetic, centered composition, no text, no logos, no branding, no people, no patterned background."
162,"Jackets","jacket_black_relaxed_packable-jacket_36.png","Black relaxed packable jacket in recycled polyester, hung on a clean wooden hanger against the backdrop, three-quarter angle, lapels visible, stitching detail clearly rendered. Studio e-commerce catalog photography, seamless warm light gray backdrop, soft diffused overhead lighting, neutral color balance, sharp focus, visible fabric texture, minimal premium aesthetic, centered composition, no text, no logos, no branding, no people, no patterned background."
163,"Jackets","jacket_blue-gray_tailored_travel-blazer_37.png","Blue Gray tailored travel blazer in merino wool, hung on a clean wooden hanger against the backdrop, three-quarter angle, lapels visible, stitching detail clearly rendered. Studio e-commerce catalog photography, seamless warm light gray backdrop, soft diffused overhead lighting, neutral color balance, sharp focus, visible fabric texture, minimal premium aesthetic, centered composition, no text, no logos, no branding, no people, no patterned background."
164,"Jackets","jacket_mustard_relaxed_lightweight-bomber_38.png","Mustard relaxed lightweight bomber in technical nylon-cotton, hung on a clean wooden hanger against the backdrop, three-quarter angle, lapels visible, stitching detail clearly rendered. Studio e-commerce catalog photography, seamless warm light gray backdrop, soft diffused overhead lighting, neutral color balance, sharp focus, visible fabric texture, minimal premium aesthetic, centered composition, no text, no logos, no branding, no people, no patterned background."
165,"Jackets","jacket_cream_tailored_soft-shoulder-blazer_39.png","Cream tailored soft-shoulder blazer in wool-poly blend, hung on a clean wooden hanger against the backdrop, three-quarter angle, lapels visible, stitching detail clearly rendered. Studio e-commerce catalog photography, seamless warm light gray backdrop, soft diffused overhead lighting, neutral color balance, sharp focus, visible fabric texture, minimal premium aesthetic, centered composition, no text, no logos, no branding, no people, no patterned background."
166,"Jackets","jacket_deep-teal_relaxed_packable-jacket_40.png","Deep Teal relaxed packable jacket in recycled polyester, hung on a clean wooden hanger against the backdrop, three-quarter angle, lapels visible, stitching detail clearly rendered. Studio e-commerce catalog photography, seamless warm light gray backdrop, soft diffused overhead lighting, neutral color balance, sharp focus, visible fabric texture, minimal premium aesthetic, centered composition, no text, no logos, no branding, no people, no patterned background."
167,"Jackets","jacket_anthracite_tailored_travel-blazer_41.png","Anthracite tailored travel blazer in wool-poly blend, hung on a clean wooden hanger against the backdrop, three-quarter angle, lapels visible, stitching detail clearly rendered. Studio e-commerce catalog photography, seamless warm light gray backdrop, soft diffused overhead lighting, neutral color balance, sharp focus, visible fabric texture, minimal premium aesthetic, centered composition, no text, no logos, no branding, no people, no patterned background."
168,"Jackets","jacket_copper_relaxed_lightweight-bomber_42.png","Copper relaxed lightweight bomber in technical nylon-cotton, hung on a clean wooden hanger against the backdrop, three-quarter angle, lapels visible, stitching detail clearly rendered. Studio e-commerce catalog photography, seamless warm light gray backdrop, soft diffused overhead lighting, neutral color balance, sharp focus, visible fabric texture, minimal premium aesthetic, centered composition, no text, no logos, no branding, no people, no patterned background."
169,"Dresses","dress_black_a-line_midi_01.png","Black A-line midi jersey dress with V-neck and short sleeves, displayed on a minimal wooden hanger against the backdrop, fabric falling naturally with slight movement. Studio e-commerce catalog photography, seamless warm light gray backdrop, soft diffused overhead lighting, neutral color balance, sharp focus, visible fabric texture, minimal premium aesthetic, centered composition, no text, no logos, no branding, no people, no patterned background."
170,"Dresses","dress_navy_sheath_knee-length_02.png","Navy sheath knee-length jersey dress with crew neck and three-quarter sleeves, displayed on a minimal wooden hanger against the backdrop, fabric falling naturally with slight movement. Studio e-commerce catalog photography, seamless warm light gray backdrop, soft diffused overhead lighting, neutral color balance, sharp focus, visible fabric texture, minimal premium aesthetic, centered composition, no text, no logos, no branding, no people, no patterned background."
171,"Dresses","dress_sage_wrap_midi_03.png","Sage wrap midi jersey dress with wrap neckline and short sleeves, displayed on a minimal wooden hanger against the backdrop, fabric falling naturally with slight movement. Studio e-commerce catalog photography, seamless warm light gray backdrop, soft diffused overhead lighting, neutral color balance, sharp focus, visible fabric texture, minimal premium aesthetic, centered composition, no text, no logos, no branding, no people, no patterned background."
172,"Dresses","dress_dusty-rose_shift_knee-length_04.png","Dusty Rose shift knee-length jersey dress with square neck and sleeveless, displayed on a minimal wooden hanger against the backdrop, fabric falling naturally with slight movement. Studio e-commerce catalog photography, seamless warm light gray backdrop, soft diffused overhead lighting, neutral color balance, sharp focus, visible fabric texture, minimal premium aesthetic, centered composition, no text, no logos, no branding, no people, no patterned background."
173,"Dresses","dress_terracotta_tiered_maxi_05.png","Terracotta tiered maxi jersey dress with V-neck and long sleeves, displayed on a minimal wooden hanger against the backdrop, fabric falling naturally with slight movement. Studio e-commerce catalog photography, seamless warm light gray backdrop, soft diffused overhead lighting, neutral color balance, sharp focus, visible fabric texture, minimal premium aesthetic, centered composition, no text, no logos, no branding, no people, no patterned background."
174,"Dresses","dress_ivory_a-line_knee-length_06.png","Ivory A-line knee-length jersey dress with crew neck and short sleeves, displayed on a minimal wooden hanger against the backdrop, fabric falling naturally with slight movement. Studio e-commerce catalog photography, seamless warm light gray backdrop, soft diffused overhead lighting, neutral color balance, sharp focus, visible fabric texture, minimal premium aesthetic, centered composition, no text, no logos, no branding, no people, no patterned background."
175,"Dresses","dress_deep-teal_sheath_midi_07.png","Deep Teal sheath midi jersey dress with square neck and sleeveless, displayed on a minimal wooden hanger against the backdrop, fabric falling naturally with slight movement. Studio e-commerce catalog photography, seamless warm light gray backdrop, soft diffused overhead lighting, neutral color balance, sharp focus, visible fabric texture, minimal premium aesthetic, centered composition, no text, no logos, no branding, no people, no patterned background."
176,"Dresses","dress_burgundy_wrap_knee-length_08.png","Burgundy wrap knee-length jersey dress with wrap neckline and three-quarter sleeves, displayed on a minimal wooden hanger against the backdrop, fabric falling naturally with slight movement. Studio e-commerce catalog photography, seamless warm light gray backdrop, soft diffused overhead lighting, neutral color balance, sharp focus, visible fabric texture, minimal premium aesthetic, centered composition, no text, no logos, no branding, no people, no patterned background."
177,"Dresses","dress_charcoal_shift_midi_09.png","Charcoal shift midi jersey dress with V-neck and long sleeves, displayed on a minimal wooden hanger against the backdrop, fabric falling naturally with slight movement. Studio e-commerce catalog photography, seamless warm light gray backdrop, soft diffused overhead lighting, neutral color balance, sharp focus, visible fabric texture, minimal premium aesthetic, centered composition, no text, no logos, no branding, no people, no patterned background."
178,"Dresses","dress_coral_a-line_maxi_10.png","Coral A-line maxi jersey dress with crew neck and short sleeves, displayed on a minimal wooden hanger against the backdrop, fabric falling naturally with slight movement. Studio e-commerce catalog photography, seamless warm light gray backdrop, soft diffused overhead lighting, neutral color balance, sharp focus, visible fabric texture, minimal premium aesthetic, centered composition, no text, no logos, no branding, no people, no patterned background."
179,"Dresses","dress_plum_sheath_knee-length_11.png","Plum sheath knee-length jersey dress with square neck and three-quarter sleeves, displayed on a minimal wooden hanger against the backdrop, fabric falling naturally with slight movement. Studio e-commerce catalog photography, seamless warm light gray backdrop, soft diffused overhead lighting, neutral color balance, sharp focus, visible fabric texture, minimal premium aesthetic, centered composition, no text, no logos, no branding, no people, no patterned background."
180,"Dresses","dress_olive_wrap_midi_12.png","Olive wrap midi jersey dress with wrap neckline and short sleeves, displayed on a minimal wooden hanger against the backdrop, fabric falling naturally with slight movement. Studio e-commerce catalog photography, seamless warm light gray backdrop, soft diffused overhead lighting, neutral color balance, sharp focus, visible fabric texture, minimal premium aesthetic, centered composition, no text, no logos, no branding, no people, no patterned background."
181,"Dresses","dress_midnight-blue_tiered_maxi_13.png","Midnight Blue tiered maxi jersey dress with V-neck and long sleeves, displayed on a minimal wooden hanger against the backdrop, fabric falling naturally with slight movement. Studio e-commerce catalog photography, seamless warm light gray backdrop, soft diffused overhead lighting, neutral color balance, sharp focus, visible fabric texture, minimal premium aesthetic, centered composition, no text, no logos, no branding, no people, no patterned background."
182,"Dresses","dress_blush-pink_a-line_knee-length_14.png","Blush Pink A-line knee-length jersey dress with crew neck and sleeveless, displayed on a minimal wooden hanger against the backdrop, fabric falling naturally with slight movement. Studio e-commerce catalog photography, seamless warm light gray backdrop, soft diffused overhead lighting, neutral color balance, sharp focus, visible fabric texture, minimal premium aesthetic, centered composition, no text, no logos, no branding, no people, no patterned background."
183,"Dresses","dress_forest-green_sheath_midi_15.png","Forest Green sheath midi jersey dress with square neck and short sleeves, displayed on a minimal wooden hanger against the backdrop, fabric falling naturally with slight movement. Studio e-commerce catalog photography, seamless warm light gray backdrop, soft diffused overhead lighting, neutral color balance, sharp focus, visible fabric texture, minimal premium aesthetic, centered composition, no text, no logos, no branding, no people, no patterned background."
184,"Dresses","dress_mustard_shift_knee-length_16.png","Mustard shift knee-length jersey dress with V-neck and three-quarter sleeves, displayed on a minimal wooden hanger against the backdrop, fabric falling naturally with slight movement. Studio e-commerce catalog photography, seamless warm light gray backdrop, soft diffused overhead lighting, neutral color balance, sharp focus, visible fabric texture, minimal premium aesthetic, centered composition, no text, no logos, no branding, no people, no patterned background."
185,"Dresses","dress_lavender_wrap_midi_17.png","Lavender wrap midi jersey dress with wrap neckline and long sleeves, displayed on a minimal wooden hanger against the backdrop, fabric falling naturally with slight movement. Studio e-commerce catalog photography, seamless warm light gray backdrop, soft diffused overhead lighting, neutral color balance, sharp focus, visible fabric texture, minimal premium aesthetic, centered composition, no text, no logos, no branding, no people, no patterned background."
186,"Dresses","dress_rust_a-line_maxi_18.png","Rust A-line maxi jersey dress with crew neck and short sleeves, displayed on a minimal wooden hanger against the backdrop, fabric falling naturally with slight movement. Studio e-commerce catalog photography, seamless warm light gray backdrop, soft diffused overhead lighting, neutral color balance, sharp focus, visible fabric texture, minimal premium aesthetic, centered composition, no text, no logos, no branding, no people, no patterned background."
187,"Dresses","dress_steel-blue_sheath_knee-length_19.png","Steel Blue sheath knee-length jersey dress with square neck and sleeveless, displayed on a minimal wooden hanger against the backdrop, fabric falling naturally with slight movement. Studio e-commerce catalog photography, seamless warm light gray backdrop, soft diffused overhead lighting, neutral color balance, sharp focus, visible fabric texture, minimal premium aesthetic, centered composition, no text, no logos, no branding, no people, no patterned background."
188,"Dresses","dress_cream_tiered_midi_20.png","Cream tiered midi jersey dress with V-neck and three-quarter sleeves, displayed on a minimal wooden hanger against the backdrop, fabric falling naturally with slight movement. Studio e-commerce catalog photography, seamless warm light gray backdrop, soft diffused overhead lighting, neutral color balance, sharp focus, visible fabric texture, minimal premium aesthetic, centered composition, no text, no logos, no branding, no people, no patterned background."
189,"Dresses","dress_wine_shift_knee-length_21.png","Wine shift knee-length jersey dress with crew neck and short sleeves, displayed on a minimal wooden hanger against the backdrop, fabric falling naturally with slight movement. Studio e-commerce catalog photography, seamless warm light gray backdrop, soft diffused overhead lighting, neutral color balance, sharp focus, visible fabric texture, minimal premium aesthetic, centered composition, no text, no logos, no branding, no people, no patterned background."
190,"Dresses","dress_aqua_a-line_midi_22.png","Aqua A-line midi jersey dress with square neck and long sleeves, displayed on a minimal wooden hanger against the backdrop, fabric falling naturally with slight movement. Studio e-commerce catalog photography, seamless warm light gray backdrop, soft diffused overhead lighting, neutral color balance, sharp focus, visible fabric texture, minimal premium aesthetic, centered composition, no text, no logos, no branding, no people, no patterned background."
191,"Dresses","dress_espresso_wrap_maxi_23.png","Espresso wrap maxi jersey dress with wrap neckline and short sleeves, displayed on a minimal wooden hanger against the backdrop, fabric falling naturally with slight movement. Studio e-commerce catalog photography, seamless warm light gray backdrop, soft diffused overhead lighting, neutral color balance, sharp focus, visible fabric texture, minimal premium aesthetic, centered composition, no text, no logos, no branding, no people, no patterned background."
192,"Dresses","dress_peach_sheath_knee-length_24.png","Peach sheath knee-length jersey dress with V-neck and sleeveless, displayed on a minimal wooden hanger against the backdrop, fabric falling naturally with slight movement. Studio e-commerce catalog photography, seamless warm light gray backdrop, soft diffused overhead lighting, neutral color balance, sharp focus, visible fabric texture, minimal premium aesthetic, centered composition, no text, no logos, no branding, no people, no patterned background."
193,"Dresses","dress_slate_tiered_midi_25.png","Slate tiered midi jersey dress with crew neck and three-quarter sleeves, displayed on a minimal wooden hanger against the backdrop, fabric falling naturally with slight movement. Studio e-commerce catalog photography, seamless warm light gray backdrop, soft diffused overhead lighting, neutral color balance, sharp focus, visible fabric texture, minimal premium aesthetic, centered composition, no text, no logos, no branding, no people, no patterned background."
194,"Dresses","dress_emerald_a-line_knee-length_26.png","Emerald A-line knee-length jersey dress with square neck and short sleeves, displayed on a minimal wooden hanger against the backdrop, fabric falling naturally with slight movement. Studio e-commerce catalog photography, seamless warm light gray backdrop, soft diffused overhead lighting, neutral color balance, sharp focus, visible fabric texture, minimal premium aesthetic, centered composition, no text, no logos, no branding, no people, no patterned background."
195,"Dresses","dress_sand_shift_midi_27.png","Sand shift midi jersey dress with V-neck and long sleeves, displayed on a minimal wooden hanger against the backdrop, fabric falling naturally with slight movement. Studio e-commerce catalog photography, seamless warm light gray backdrop, soft diffused overhead lighting, neutral color balance, sharp focus, visible fabric texture, minimal premium aesthetic, centered composition, no text, no logos, no branding, no people, no patterned background."
196,"Dresses","dress_denim-blue_wrap_knee-length_28.png","Denim Blue wrap knee-length jersey dress with wrap neckline and sleeveless, displayed on a minimal wooden hanger against the backdrop, fabric falling naturally with slight movement. Studio e-commerce catalog photography, seamless warm light gray backdrop, soft diffused overhead lighting, neutral color balance, sharp focus, visible fabric texture, minimal premium aesthetic, centered composition, no text, no logos, no branding, no people, no patterned background."
197,"Dresses","dress_maroon_sheath_maxi_29.png","Maroon sheath maxi jersey dress with crew neck and short sleeves, displayed on a minimal wooden hanger against the backdrop, fabric falling naturally with slight movement. Studio e-commerce catalog photography, seamless warm light gray backdrop, soft diffused overhead lighting, neutral color balance, sharp focus, visible fabric texture, minimal premium aesthetic, centered composition, no text, no logos, no branding, no people, no patterned background."
198,"Dresses","dress_mint_a-line_midi_30.png","Mint A-line midi jersey dress with square neck and three-quarter sleeves, displayed on a minimal wooden hanger against the backdrop, fabric falling naturally with slight movement. Studio e-commerce catalog photography, seamless warm light gray backdrop, soft diffused overhead lighting, neutral color balance, sharp focus, visible fabric texture, minimal premium aesthetic, centered composition, no text, no logos, no branding, no people, no patterned background."
199,"Dresses","dress_taupe_tiered_knee-length_31.png","Taupe tiered knee-length jersey dress with V-neck and long sleeves, displayed on a minimal wooden hanger against the backdrop, fabric falling naturally with slight movement. Studio e-commerce catalog photography, seamless warm light gray backdrop, soft diffused overhead lighting, neutral color balance, sharp focus, visible fabric texture, minimal premium aesthetic, centered composition, no text, no logos, no branding, no people, no patterned background."
200,"Dresses","dress_cobalt_shift_midi_32.png","Cobalt shift midi jersey dress with crew neck and short sleeves, displayed on a minimal wooden hanger against the backdrop, fabric falling naturally with slight movement. Studio e-commerce catalog photography, seamless warm light gray backdrop, soft diffused overhead lighting, neutral color balance, sharp focus, visible fabric texture, minimal premium aesthetic, centered composition, no text, no logos, no branding, no people, no patterned background."
201,"Dresses","dress_rose-gold_wrap_knee-length_33.png","Rose Gold wrap knee-length jersey dress with wrap neckline and three-quarter sleeves, displayed on a minimal wooden hanger against the backdrop, fabric falling naturally with slight movement. Studio e-commerce catalog photography, seamless warm light gray backdrop, soft diffused overhead lighting, neutral color balance, sharp focus, visible fabric texture, minimal premium aesthetic, centered composition, no text, no logos, no branding, no people, no patterned background."
202,"Dresses","dress_graphite_a-line_maxi_34.png","Graphite A-line maxi jersey dress with square neck and sleeveless, displayed on a minimal wooden hanger against the backdrop, fabric falling naturally with slight movement. Studio e-commerce catalog photography, seamless warm light gray backdrop, soft diffused overhead lighting, neutral color balance, sharp focus, visible fabric texture, minimal premium aesthetic, centered composition, no text, no logos, no branding, no people, no patterned background."
203,"Dresses","dress_lemon_sheath_midi_35.png","Lemon sheath midi jersey dress with V-neck and short sleeves, displayed on a minimal wooden hanger against the backdrop, fabric falling naturally with slight movement. Studio e-commerce catalog photography, seamless warm light gray backdrop, soft diffused overhead lighting, neutral color balance, sharp focus, visible fabric texture, minimal premium aesthetic, centered composition, no text, no logos, no branding, no people, no patterned background."
204,"Dresses","dress_teal_tiered_knee-length_36.png","Teal tiered knee-length jersey dress with crew neck and long sleeves, displayed on a minimal wooden hanger against the backdrop, fabric falling naturally with slight movement. Studio e-commerce catalog photography, seamless warm light gray backdrop, soft diffused overhead lighting, neutral color balance, sharp focus, visible fabric texture, minimal premium aesthetic, centered composition, no text, no logos, no branding, no people, no patterned background."
205,"Dresses","dress_bronze_wrap_midi_37.png","Bronze wrap midi jersey dress with wrap neckline and short sleeves, displayed on a minimal wooden hanger against the backdrop, fabric falling naturally with slight movement. Studio e-commerce catalog photography, seamless warm light gray backdrop, soft diffused overhead lighting, neutral color balance, sharp focus, visible fabric texture, minimal premium aesthetic, centered composition, no text, no logos, no branding, no people, no patterned background."
206,"Dresses","dress_powder-blue_shift_maxi_38.png","Powder Blue shift maxi jersey dress with square neck and three-quarter sleeves, displayed on a minimal wooden hanger against the backdrop, fabric falling naturally with slight movement. Studio e-commerce catalog photography, seamless warm light gray backdrop, soft diffused overhead lighting, neutral color balance, sharp focus, visible fabric texture, minimal premium aesthetic, centered composition, no text, no logos, no branding, no people, no patterned background."
207,"Dresses","dress_mocha_a-line_knee-length_39.png","Mocha A-line knee-length jersey dress with V-neck and sleeveless, displayed on a minimal wooden hanger against the backdrop, fabric falling naturally with slight movement. Studio e-commerce catalog photography, seamless warm light gray backdrop, soft diffused overhead lighting, neutral color balance, sharp focus, visible fabric texture, minimal premium aesthetic, centered composition, no text, no logos, no branding, no people, no patterned background."
208,"Dresses","dress_fuchsia_sheath_midi_40.png","Fuchsia sheath midi jersey dress with crew neck and short sleeves, displayed on a minimal wooden hanger against the backdrop, fabric falling naturally with slight movement. Studio e-commerce catalog photography, seamless warm light gray backdrop, soft diffused overhead lighting, neutral color balance, sharp focus, visible fabric texture, minimal premium aesthetic, centered composition, no text, no logos, no branding, no people, no patterned background."
209,"Dresses","dress_seafoam_wrap_knee-length_41.png","Seafoam wrap knee-length jersey dress with wrap neckline and long sleeves, displayed on a minimal wooden hanger against the backdrop, fabric falling naturally with slight movement. Studio e-commerce catalog photography, seamless warm light gray backdrop, soft diffused overhead lighting, neutral color balance, sharp focus, visible fabric texture, minimal premium aesthetic, centered composition, no text, no logos, no branding, no people, no patterned background."
210,"Dresses","dress_champagne_tiered_midi_42.png","Champagne tiered midi jersey dress with square neck and three-quarter sleeves, displayed on a minimal wooden hanger against the backdrop, fabric falling naturally with slight movement. Studio e-commerce catalog photography, seamless warm light gray backdrop, soft diffused overhead lighting, neutral color balance, sharp focus, visible fabric texture, minimal premium aesthetic, centered composition, no text, no logos, no branding, no people, no patterned background."
211,"Sneakers","sneakers_white_low-top_knit-textile_01.png","White low-top walking sneaker, knit textile upper, white rubber sole, photographed at a slight three-quarter angle on the backdrop, laces neatly tied, minimal shadow. Studio e-commerce catalog photography, seamless warm light gray backdrop, soft diffused overhead lighting, neutral color balance, sharp focus, visible fabric texture, minimal premium aesthetic, centered composition, no text, no logos, no branding, no people, no patterned background."
212,"Sneakers","sneakers_off-white_minimalist_leather_02.png","Off-White minimalist walking sneaker, leather upper, cushioned EVA sole, photographed at a slight three-quarter angle on the backdrop, laces neatly tied, minimal shadow. Studio e-commerce catalog photography, seamless warm light gray backdrop, soft diffused overhead lighting, neutral color balance, sharp focus, visible fabric texture, minimal premium aesthetic, centered composition, no text, no logos, no branding, no people, no patterned background."
213,"Sneakers","sneakers_cream_retro_suede_03.png","Cream retro walking sneaker, suede upper, gum rubber sole, photographed at a slight three-quarter angle on the backdrop, laces neatly tied, minimal shadow. Studio e-commerce catalog photography, seamless warm light gray backdrop, soft diffused overhead lighting, neutral color balance, sharp focus, visible fabric texture, minimal premium aesthetic, centered composition, no text, no logos, no branding, no people, no patterned background."
214,"Sneakers","sneakers_navy_low-top_recycled-mesh_04.png","Navy low-top walking sneaker, recycled mesh upper, treaded EVA sole, photographed at a slight three-quarter angle on the backdrop, laces neatly tied, minimal shadow. Studio e-commerce catalog photography, seamless warm light gray backdrop, soft diffused overhead lighting, neutral color balance, sharp focus, visible fabric texture, minimal premium aesthetic, centered composition, no text, no logos, no branding, no people, no patterned background."
215,"Sneakers","sneakers_all-black_mid-top_knit-textile_05.png","All-Black mid-top walking sneaker, knit textile upper, black rubber sole, photographed at a slight three-quarter angle on the backdrop, laces neatly tied, minimal shadow. Studio e-commerce catalog photography, seamless warm light gray backdrop, soft diffused overhead lighting, neutral color balance, sharp focus, visible fabric texture, minimal premium aesthetic, centered composition, no text, no logos, no branding, no people, no patterned background."
216,"Sneakers","sneakers_gray_minimalist_leather_06.png","Gray minimalist walking sneaker, leather upper, white rubber sole, photographed at a slight three-quarter angle on the backdrop, laces neatly tied, minimal shadow. Studio e-commerce catalog photography, seamless warm light gray backdrop, soft diffused overhead lighting, neutral color balance, sharp focus, visible fabric texture, minimal premium aesthetic, centered composition, no text, no logos, no branding, no people, no patterned background."
217,"Sneakers","sneakers_olive_low-top_suede_07.png","Olive low-top walking sneaker, suede upper, gum rubber sole, photographed at a slight three-quarter angle on the backdrop, laces neatly tied, minimal shadow. Studio e-commerce catalog photography, seamless warm light gray backdrop, soft diffused overhead lighting, neutral color balance, sharp focus, visible fabric texture, minimal premium aesthetic, centered composition, no text, no logos, no branding, no people, no patterned background."
218,"Sneakers","sneakers_sand_retro_recycled-mesh_08.png","Sand retro walking sneaker, recycled mesh upper, cushioned EVA sole, photographed at a slight three-quarter angle on the backdrop, laces neatly tied, minimal shadow. Studio e-commerce catalog photography, seamless warm light gray backdrop, soft diffused overhead lighting, neutral color balance, sharp focus, visible fabric texture, minimal premium aesthetic, centered composition, no text, no logos, no branding, no people, no patterned background."
219,"Sneakers","sneakers_charcoal_low-top_knit-textile_09.png","Charcoal low-top walking sneaker, knit textile upper, treaded EVA sole, photographed at a slight three-quarter angle on the backdrop, laces neatly tied, minimal shadow. Studio e-commerce catalog photography, seamless warm light gray backdrop, soft diffused overhead lighting, neutral color balance, sharp focus, visible fabric texture, minimal premium aesthetic, centered composition, no text, no logos, no branding, no people, no patterned background."
220,"Sneakers","sneakers_light-gray_minimalist_recycled-mesh_10.png","Light Gray minimalist walking sneaker, recycled mesh upper, white rubber sole, photographed at a slight three-quarter angle on the backdrop, laces neatly tied, minimal shadow. Studio e-commerce catalog photography, seamless warm light gray backdrop, soft diffused overhead lighting, neutral color balance, sharp focus, visible fabric texture, minimal premium aesthetic, centered composition, no text, no logos, no branding, no people, no patterned background."
221,"Sneakers","sneakers_beige_low-top_leather_11.png","Beige low-top walking sneaker, leather upper, gum rubber sole, photographed at a slight three-quarter angle on the backdrop, laces neatly tied, minimal shadow. Studio e-commerce catalog photography, seamless warm light gray backdrop, soft diffused overhead lighting, neutral color balance, sharp focus, visible fabric texture, minimal premium aesthetic, centered composition, no text, no logos, no branding, no people, no patterned background."
222,"Sneakers","sneakers_sky-blue_retro_knit-textile_12.png","Sky Blue retro walking sneaker, knit textile upper, cushioned EVA sole, photographed at a slight three-quarter angle on the backdrop, laces neatly tied, minimal shadow. Studio e-commerce catalog photography, seamless warm light gray backdrop, soft diffused overhead lighting, neutral color balance, sharp focus, visible fabric texture, minimal premium aesthetic, centered composition, no text, no logos, no branding, no people, no patterned background."
223,"Sneakers","sneakers_black_low-top_leather_13.png","Black low-top walking sneaker, leather upper, black rubber sole, photographed at a slight three-quarter angle on the backdrop, laces neatly tied, minimal shadow. Studio e-commerce catalog photography, seamless warm light gray backdrop, soft diffused overhead lighting, neutral color balance, sharp focus, visible fabric texture, minimal premium aesthetic, centered composition, no text, no logos, no branding, no people, no patterned background."
224,"Sneakers","sneakers_taupe_minimalist_suede_14.png","Taupe minimalist walking sneaker, suede upper, white rubber sole, photographed at a slight three-quarter angle on the backdrop, laces neatly tied, minimal shadow. Studio e-commerce catalog photography, seamless warm light gray backdrop, soft diffused overhead lighting, neutral color balance, sharp focus, visible fabric texture, minimal premium aesthetic, centered composition, no text, no logos, no branding, no people, no patterned background."
225,"Sneakers","sneakers_forest-green_low-top_recycled-mesh_15.png","Forest Green low-top walking sneaker, recycled mesh upper, treaded EVA sole, photographed at a slight three-quarter angle on the backdrop, laces neatly tied, minimal shadow. Studio e-commerce catalog photography, seamless warm light gray backdrop, soft diffused overhead lighting, neutral color balance, sharp focus, visible fabric texture, minimal premium aesthetic, centered composition, no text, no logos, no branding, no people, no patterned background."
226,"Sneakers","sneakers_ivory_retro_knit-textile_16.png","Ivory retro walking sneaker, knit textile upper, gum rubber sole, photographed at a slight three-quarter angle on the backdrop, laces neatly tied, minimal shadow. Studio e-commerce catalog photography, seamless warm light gray backdrop, soft diffused overhead lighting, neutral color balance, sharp focus, visible fabric texture, minimal premium aesthetic, centered composition, no text, no logos, no branding, no people, no patterned background."
227,"Sneakers","sneakers_slate_mid-top_leather_17.png","Slate mid-top walking sneaker, leather upper, cushioned EVA sole, photographed at a slight three-quarter angle on the backdrop, laces neatly tied, minimal shadow. Studio e-commerce catalog photography, seamless warm light gray backdrop, soft diffused overhead lighting, neutral color balance, sharp focus, visible fabric texture, minimal premium aesthetic, centered composition, no text, no logos, no branding, no people, no patterned background."
228,"Sneakers","sneakers_rust_low-top_suede_18.png","Rust low-top walking sneaker, suede upper, white rubber sole, photographed at a slight three-quarter angle on the backdrop, laces neatly tied, minimal shadow. Studio e-commerce catalog photography, seamless warm light gray backdrop, soft diffused overhead lighting, neutral color balance, sharp focus, visible fabric texture, minimal premium aesthetic, centered composition, no text, no logos, no branding, no people, no patterned background."
229,"Sneakers","sneakers_midnight-blue_minimalist_knit-textile_19.png","Midnight Blue minimalist walking sneaker, knit textile upper, black rubber sole, photographed at a slight three-quarter angle on the backdrop, laces neatly tied, minimal shadow. Studio e-commerce catalog photography, seamless warm light gray backdrop, soft diffused overhead lighting, neutral color balance, sharp focus, visible fabric texture, minimal premium aesthetic, centered composition, no text, no logos, no branding, no people, no patterned background."
230,"Sneakers","sneakers_stone_low-top_recycled-mesh_20.png","Stone low-top walking sneaker, recycled mesh upper, gum rubber sole, photographed at a slight three-quarter angle on the backdrop, laces neatly tied, minimal shadow. Studio e-commerce catalog photography, seamless warm light gray backdrop, soft diffused overhead lighting, neutral color balance, sharp focus, visible fabric texture, minimal premium aesthetic, centered composition, no text, no logos, no branding, no people, no patterned background."
231,"Sneakers","sneakers_burgundy_retro_leather_21.png","Burgundy retro walking sneaker, leather upper, treaded EVA sole, photographed at a slight three-quarter angle on the backdrop, laces neatly tied, minimal shadow. Studio e-commerce catalog photography, seamless warm light gray backdrop, soft diffused overhead lighting, neutral color balance, sharp focus, visible fabric texture, minimal premium aesthetic, centered composition, no text, no logos, no branding, no people, no patterned background."
232,"Sneakers","sneakers_pearl-white_low-top_knit-textile_22.png","Pearl White low-top walking sneaker, knit textile upper, cushioned EVA sole, photographed at a slight three-quarter angle on the backdrop, laces neatly tied, minimal shadow. Studio e-commerce catalog photography, seamless warm light gray backdrop, soft diffused overhead lighting, neutral color balance, sharp focus, visible fabric texture, minimal premium aesthetic, centered composition, no text, no logos, no branding, no people, no patterned background."
233,"Sneakers","sneakers_graphite_minimalist_suede_23.png","Graphite minimalist walking sneaker, suede upper, white rubber sole, photographed at a slight three-quarter angle on the backdrop, laces neatly tied, minimal shadow. Studio e-commerce catalog photography, seamless warm light gray backdrop, soft diffused overhead lighting, neutral color balance, sharp focus, visible fabric texture, minimal premium aesthetic, centered composition, no text, no logos, no branding, no people, no patterned background."
234,"Sneakers","sneakers_camel_low-top_leather_24.png","Camel low-top walking sneaker, leather upper, gum rubber sole, photographed at a slight three-quarter angle on the backdrop, laces neatly tied, minimal shadow. Studio e-commerce catalog photography, seamless warm light gray backdrop, soft diffused overhead lighting, neutral color balance, sharp focus, visible fabric texture, minimal premium aesthetic, centered composition, no text, no logos, no branding, no people, no patterned background."
235,"Sneakers","sneakers_teal_retro_recycled-mesh_25.png","Teal retro walking sneaker, recycled mesh upper, treaded EVA sole, photographed at a slight three-quarter angle on the backdrop, laces neatly tied, minimal shadow. Studio e-commerce catalog photography, seamless warm light gray backdrop, soft diffused overhead lighting, neutral color balance, sharp focus, visible fabric texture, minimal premium aesthetic, centered composition, no text, no logos, no branding, no people, no patterned background."
236,"Sneakers","sneakers_espresso_low-top_knit-textile_26.png","Espresso low-top walking sneaker, knit textile upper, black rubber sole, photographed at a slight three-quarter angle on the backdrop, laces neatly tied, minimal shadow. Studio e-commerce catalog photography, seamless warm light gray backdrop, soft diffused overhead lighting, neutral color balance, sharp focus, visible fabric texture, minimal premium aesthetic, centered composition, no text, no logos, no branding, no people, no patterned background."
237,"Sneakers","sneakers_silver-gray_minimalist_leather_27.png","Silver Gray minimalist walking sneaker, leather upper, white rubber sole, photographed at a slight three-quarter angle on the backdrop, laces neatly tied, minimal shadow. Studio e-commerce catalog photography, seamless warm light gray backdrop, soft diffused overhead lighting, neutral color balance, sharp focus, visible fabric texture, minimal premium aesthetic, centered composition, no text, no logos, no branding, no people, no patterned background."
238,"Sneakers","sneakers_mustard_low-top_suede_28.png","Mustard low-top walking sneaker, suede upper, gum rubber sole, photographed at a slight three-quarter angle on the backdrop, laces neatly tied, minimal shadow. Studio e-commerce catalog photography, seamless warm light gray backdrop, soft diffused overhead lighting, neutral color balance, sharp focus, visible fabric texture, minimal premium aesthetic, centered composition, no text, no logos, no branding, no people, no patterned background."
239,"Sneakers","sneakers_denim-blue_retro_knit-textile_29.png","Denim Blue retro walking sneaker, knit textile upper, cushioned EVA sole, photographed at a slight three-quarter angle on the backdrop, laces neatly tied, minimal shadow. Studio e-commerce catalog photography, seamless warm light gray backdrop, soft diffused overhead lighting, neutral color balance, sharp focus, visible fabric texture, minimal premium aesthetic, centered composition, no text, no logos, no branding, no people, no patterned background."
240,"Sneakers","sneakers_maroon_low-top_recycled-mesh_30.png","Maroon low-top walking sneaker, recycled mesh upper, treaded EVA sole, photographed at a slight three-quarter angle on the backdrop, laces neatly tied, minimal shadow. Studio e-commerce catalog photography, seamless warm light gray backdrop, soft diffused overhead lighting, neutral color balance, sharp focus, visible fabric texture, minimal premium aesthetic, centered composition, no text, no logos, no branding, no people, no patterned background."
241,"Sneakers","sneakers_mint_minimalist_leather_31.png","Mint minimalist walking sneaker, leather upper, white rubber sole, photographed at a slight three-quarter angle on the backdrop, laces neatly tied, minimal shadow. Studio e-commerce catalog photography, seamless warm light gray backdrop, soft diffused overhead lighting, neutral color balance, sharp focus, visible fabric texture, minimal premium aesthetic, centered composition, no text, no logos, no branding, no people, no patterned background."
242,"Sneakers","sneakers_copper_low-top_suede_32.png","Copper low-top walking sneaker, suede upper, gum rubber sole, photographed at a slight three-quarter angle on the backdrop, laces neatly tied, minimal shadow. Studio e-commerce catalog photography, seamless warm light gray backdrop, soft diffused overhead lighting, neutral color balance, sharp focus, visible fabric texture, minimal premium aesthetic, centered composition, no text, no logos, no branding, no people, no patterned background."
243,"Sneakers","sneakers_plum_retro_knit-textile_33.png","Plum retro walking sneaker, knit textile upper, black rubber sole, photographed at a slight three-quarter angle on the backdrop, laces neatly tied, minimal shadow. Studio e-commerce catalog photography, seamless warm light gray backdrop, soft diffused overhead lighting, neutral color balance, sharp focus, visible fabric texture, minimal premium aesthetic, centered composition, no text, no logos, no branding, no people, no patterned background."
244,"Sneakers","sneakers_aqua_low-top_recycled-mesh_34.png","Aqua low-top walking sneaker, recycled mesh upper, cushioned EVA sole, photographed at a slight three-quarter angle on the backdrop, laces neatly tied, minimal shadow. Studio e-commerce catalog photography, seamless warm light gray backdrop, soft diffused overhead lighting, neutral color balance, sharp focus, visible fabric texture, minimal premium aesthetic, centered composition, no text, no logos, no branding, no people, no patterned background."
245,"Sneakers","sneakers_brown_minimalist_leather_35.png","Brown minimalist walking sneaker, leather upper, gum rubber sole, photographed at a slight three-quarter angle on the backdrop, laces neatly tied, minimal shadow. Studio e-commerce catalog photography, seamless warm light gray backdrop, soft diffused overhead lighting, neutral color balance, sharp focus, visible fabric texture, minimal premium aesthetic, centered composition, no text, no logos, no branding, no people, no patterned background."
246,"Sneakers","sneakers_pink_low-top_knit-textile_36.png","Pink low-top walking sneaker, knit textile upper, white rubber sole, photographed at a slight three-quarter angle on the backdrop, laces neatly tied, minimal shadow. Studio e-commerce catalog photography, seamless warm light gray backdrop, soft diffused overhead lighting, neutral color balance, sharp focus, visible fabric texture, minimal premium aesthetic, centered composition, no text, no logos, no branding, no people, no patterned background."
247,"Sneakers","sneakers_yellow_retro_suede_37.png","Yellow retro walking sneaker, suede upper, gum rubber sole, photographed at a slight three-quarter angle on the backdrop, laces neatly tied, minimal shadow. Studio e-commerce catalog photography, seamless warm light gray backdrop, soft diffused overhead lighting, neutral color balance, sharp focus, visible fabric texture, minimal premium aesthetic, centered composition, no text, no logos, no branding, no people, no patterned background."
248,"Sneakers","sneakers_orange_low-top_recycled-mesh_38.png","Orange low-top walking sneaker, recycled mesh upper, treaded EVA sole, photographed at a slight three-quarter angle on the backdrop, laces neatly tied, minimal shadow. Studio e-commerce catalog photography, seamless warm light gray backdrop, soft diffused overhead lighting, neutral color balance, sharp focus, visible fabric texture, minimal premium aesthetic, centered composition, no text, no logos, no branding, no people, no patterned background."
249,"Sneakers","sneakers_lilac_minimalist_knit-textile_39.png","Lilac minimalist walking sneaker, knit textile upper, cushioned EVA sole, photographed at a slight three-quarter angle on the backdrop, laces neatly tied, minimal shadow. Studio e-commerce catalog photography, seamless warm light gray backdrop, soft diffused overhead lighting, neutral color balance, sharp focus, visible fabric texture, minimal premium aesthetic, centered composition, no text, no logos, no branding, no people, no patterned background."
250,"Sneakers","sneakers_red_low-top_leather_40.png","Red low-top walking sneaker, leather upper, white rubber sole, photographed at a slight three-quarter angle on the backdrop, laces neatly tied, minimal shadow. Studio e-commerce catalog photography, seamless warm light gray backdrop, soft diffused overhead lighting, neutral color balance, sharp focus, visible fabric texture, minimal premium aesthetic, centered composition, no text, no logos, no branding, no people, no patterned background."
251,"Sneakers","sneakers_gold_retro_suede_41.png","Gold retro walking sneaker, suede upper, gum rubber sole, photographed at a slight three-quarter angle on the backdrop, laces neatly tied, minimal shadow. Studio e-commerce catalog photography, seamless warm light gray backdrop, soft diffused overhead lighting, neutral color balance, sharp focus, visible fabric texture, minimal premium aesthetic, centered composition, no text, no logos, no branding, no people, no patterned background."
252,"Sneakers","sneakers_white_mid-top_knit-textile_42.png","White mid-top walking sneaker, knit textile upper, cushioned EVA sole, photographed at a slight three-quarter angle on the backdrop, laces neatly tied, minimal shadow. Studio e-commerce catalog photography, seamless warm light gray backdrop, soft diffused overhead lighting, neutral color balance, sharp focus, visible fabric texture, minimal premium aesthetic, centered composition, no text, no logos, no branding, no people, no patterned background."
253,"Formal Shoes","formal-shoes_black_oxford_smooth_01.png","Black oxford formal shoe in smooth leather, cap-toe, photographed at a slight three-quarter angle on the backdrop, polished and centered, minimal shadow. Studio e-commerce catalog photography, seamless warm light gray backdrop, soft diffused overhead lighting, neutral color balance, sharp focus, visible fabric texture, minimal premium aesthetic, centered composition, no text, no logos, no branding, no people, no patterned background."
254,"Formal Shoes","formal-shoes_dark-brown_derby_full-grain_02.png","Dark Brown derby formal shoe in full-grain leather, plain-toe, photographed at a slight three-quarter angle on the backdrop, polished and centered, minimal shadow. Studio e-commerce catalog photography, seamless warm light gray backdrop, soft diffused overhead lighting, neutral color balance, sharp focus, visible fabric texture, minimal premium aesthetic, centered composition, no text, no logos, no branding, no people, no patterned background."
255,"Formal Shoes","formal-shoes_oxblood_loafer_suede_03.png","Oxblood loafer formal shoe in suede leather, penny-strap, photographed at a slight three-quarter angle on the backdrop, polished and centered, minimal shadow. Studio e-commerce catalog photography, seamless warm light gray backdrop, soft diffused overhead lighting, neutral color balance, sharp focus, visible fabric texture, minimal premium aesthetic, centered composition, no text, no logos, no branding, no people, no patterned background."
256,"Formal Shoes","formal-shoes_tan_monk-strap_pebbled_04.png","Tan monk-strap formal shoe in pebbled leather, brogued perforations, photographed at a slight three-quarter angle on the backdrop, polished and centered, minimal shadow. Studio e-commerce catalog photography, seamless warm light gray backdrop, soft diffused overhead lighting, neutral color balance, sharp focus, visible fabric texture, minimal premium aesthetic, centered composition, no text, no logos, no branding, no people, no patterned background."
257,"Formal Shoes","formal-shoes_walnut_oxford_full-grain_05.png","Walnut oxford formal shoe in full-grain leather, cap-toe, photographed at a slight three-quarter angle on the backdrop, polished and centered, minimal shadow. Studio e-commerce catalog photography, seamless warm light gray backdrop, soft diffused overhead lighting, neutral color balance, sharp focus, visible fabric texture, minimal premium aesthetic, centered composition, no text, no logos, no branding, no people, no patterned background."
258,"Formal Shoes","formal-shoes_black_derby_smooth_06.png","Black derby formal shoe in smooth leather, plain-toe, photographed at a slight three-quarter angle on the backdrop, polished and centered, minimal shadow. Studio e-commerce catalog photography, seamless warm light gray backdrop, soft diffused overhead lighting, neutral color balance, sharp focus, visible fabric texture, minimal premium aesthetic, centered composition, no text, no logos, no branding, no people, no patterned background."
259,"Formal Shoes","formal-shoes_cognac_loafer_full-grain_07.png","Cognac loafer formal shoe in full-grain leather, penny-strap, photographed at a slight three-quarter angle on the backdrop, polished and centered, minimal shadow. Studio e-commerce catalog photography, seamless warm light gray backdrop, soft diffused overhead lighting, neutral color balance, sharp focus, visible fabric texture, minimal premium aesthetic, centered composition, no text, no logos, no branding, no people, no patterned background."
260,"Formal Shoes","formal-shoes_charcoal_monk-strap_suede_08.png","Charcoal monk-strap formal shoe in suede leather, plain-toe, photographed at a slight three-quarter angle on the backdrop, polished and centered, minimal shadow. Studio e-commerce catalog photography, seamless warm light gray backdrop, soft diffused overhead lighting, neutral color balance, sharp focus, visible fabric texture, minimal premium aesthetic, centered composition, no text, no logos, no branding, no people, no patterned background."
261,"Formal Shoes","formal-shoes_midnight-blue_oxford_pebbled_09.png","Midnight Blue oxford formal shoe in pebbled leather, brogued perforations, photographed at a slight three-quarter angle on the backdrop, polished and centered, minimal shadow. Studio e-commerce catalog photography, seamless warm light gray backdrop, soft diffused overhead lighting, neutral color balance, sharp focus, visible fabric texture, minimal premium aesthetic, centered composition, no text, no logos, no branding, no people, no patterned background."
262,"Formal Shoes","formal-shoes_espresso_derby_smooth_10.png","Espresso derby formal shoe in smooth leather, cap-toe, photographed at a slight three-quarter angle on the backdrop, polished and centered, minimal shadow. Studio e-commerce catalog photography, seamless warm light gray backdrop, soft diffused overhead lighting, neutral color balance, sharp focus, visible fabric texture, minimal premium aesthetic, centered composition, no text, no logos, no branding, no people, no patterned background."
263,"Formal Shoes","formal-shoes_sand_loafer_suede_11.png","Sand loafer formal shoe in suede leather, plain-toe, photographed at a slight three-quarter angle on the backdrop, polished and centered, minimal shadow. Studio e-commerce catalog photography, seamless warm light gray backdrop, soft diffused overhead lighting, neutral color balance, sharp focus, visible fabric texture, minimal premium aesthetic, centered composition, no text, no logos, no branding, no people, no patterned background."
264,"Formal Shoes","formal-shoes_burgundy_monk-strap_full-grain_12.png","Burgundy monk-strap formal shoe in full-grain leather, brogued perforations, photographed at a slight three-quarter angle on the backdrop, polished and centered, minimal shadow. Studio e-commerce catalog photography, seamless warm light gray backdrop, soft diffused overhead lighting, neutral color balance, sharp focus, visible fabric texture, minimal premium aesthetic, centered composition, no text, no logos, no branding, no people, no patterned background."
265,"Formal Shoes","formal-shoes_graphite_oxford_smooth_13.png","Graphite oxford formal shoe in smooth leather, plain-toe, photographed at a slight three-quarter angle on the backdrop, polished and centered, minimal shadow. Studio e-commerce catalog photography, seamless warm light gray backdrop, soft diffused overhead lighting, neutral color balance, sharp focus, visible fabric texture, minimal premium aesthetic, centered composition, no text, no logos, no branding, no people, no patterned background."
266,"Formal Shoes","formal-shoes_camel_derby_pebbled_14.png","Camel derby formal shoe in pebbled leather, cap-toe, photographed at a slight three-quarter angle on the backdrop, polished and centered, minimal shadow. Studio e-commerce catalog photography, seamless warm light gray backdrop, soft diffused overhead lighting, neutral color balance, sharp focus, visible fabric texture, minimal premium aesthetic, centered composition, no text, no logos, no branding, no people, no patterned background."
267,"Formal Shoes","formal-shoes_navy_loafer_full-grain_15.png","Navy loafer formal shoe in full-grain leather, penny-strap, photographed at a slight three-quarter angle on the backdrop, polished and centered, minimal shadow. Studio e-commerce catalog photography, seamless warm light gray backdrop, soft diffused overhead lighting, neutral color balance, sharp focus, visible fabric texture, minimal premium aesthetic, centered composition, no text, no logos, no branding, no people, no patterned background."
268,"Formal Shoes","formal-shoes_slate_monk-strap_suede_16.png","Slate monk-strap formal shoe in suede leather, brogued perforations, photographed at a slight three-quarter angle on the backdrop, polished and centered, minimal shadow. Studio e-commerce catalog photography, seamless warm light gray backdrop, soft diffused overhead lighting, neutral color balance, sharp focus, visible fabric texture, minimal premium aesthetic, centered composition, no text, no logos, no branding, no people, no patterned background."
269,"Formal Shoes","formal-shoes_chocolate_oxford_full-grain_17.png","Chocolate oxford formal shoe in full-grain leather, cap-toe, photographed at a slight three-quarter angle on the backdrop, polished and centered, minimal shadow. Studio e-commerce catalog photography, seamless warm light gray backdrop, soft diffused overhead lighting, neutral color balance, sharp focus, visible fabric texture, minimal premium aesthetic, centered composition, no text, no logos, no branding, no people, no patterned background."
270,"Formal Shoes","formal-shoes_stone_derby_smooth_18.png","Stone derby formal shoe in smooth leather, plain-toe, photographed at a slight three-quarter angle on the backdrop, polished and centered, minimal shadow. Studio e-commerce catalog photography, seamless warm light gray backdrop, soft diffused overhead lighting, neutral color balance, sharp focus, visible fabric texture, minimal premium aesthetic, centered composition, no text, no logos, no branding, no people, no patterned background."
271,"Formal Shoes","formal-shoes_wine_loafer_pebbled_19.png","Wine loafer formal shoe in pebbled leather, penny-strap, photographed at a slight three-quarter angle on the backdrop, polished and centered, minimal shadow. Studio e-commerce catalog photography, seamless warm light gray backdrop, soft diffused overhead lighting, neutral color balance, sharp focus, visible fabric texture, minimal premium aesthetic, centered composition, no text, no logos, no branding, no people, no patterned background."
272,"Formal Shoes","formal-shoes_steel-gray_monk-strap_full-grain_20.png","Steel Gray monk-strap formal shoe in full-grain leather, plain-toe, photographed at a slight three-quarter angle on the backdrop, polished and centered, minimal shadow. Studio e-commerce catalog photography, seamless warm light gray backdrop, soft diffused overhead lighting, neutral color balance, sharp focus, visible fabric texture, minimal premium aesthetic, centered composition, no text, no logos, no branding, no people, no patterned background."
273,"Formal Shoes","formal-shoes_chestnut_oxford_suede_21.png","Chestnut oxford formal shoe in suede leather, brogued perforations, photographed at a slight three-quarter angle on the backdrop, polished and centered, minimal shadow. Studio e-commerce catalog photography, seamless warm light gray backdrop, soft diffused overhead lighting, neutral color balance, sharp focus, visible fabric texture, minimal premium aesthetic, centered composition, no text, no logos, no branding, no people, no patterned background."
274,"Formal Shoes","formal-shoes_black_loafer_smooth_22.png","Black loafer formal shoe in smooth leather, penny-strap, photographed at a slight three-quarter angle on the backdrop, polished and centered, minimal shadow. Studio e-commerce catalog photography, seamless warm light gray backdrop, soft diffused overhead lighting, neutral color balance, sharp focus, visible fabric texture, minimal premium aesthetic, centered composition, no text, no logos, no branding, no people, no patterned background."
275,"Formal Shoes","formal-shoes_taupe_derby_pebbled_23.png","Taupe derby formal shoe in pebbled leather, cap-toe, photographed at a slight three-quarter angle on the backdrop, polished and centered, minimal shadow. Studio e-commerce catalog photography, seamless warm light gray backdrop, soft diffused overhead lighting, neutral color balance, sharp focus, visible fabric texture, minimal premium aesthetic, centered composition, no text, no logos, no branding, no people, no patterned background."
276,"Formal Shoes","formal-shoes_deep-green_oxford_full-grain_24.png","Deep Green oxford formal shoe in full-grain leather, plain-toe, photographed at a slight three-quarter angle on the backdrop, polished and centered, minimal shadow. Studio e-commerce catalog photography, seamless warm light gray backdrop, soft diffused overhead lighting, neutral color balance, sharp focus, visible fabric texture, minimal premium aesthetic, centered composition, no text, no logos, no branding, no people, no patterned background."
277,"Formal Shoes","formal-shoes_honey_monk-strap_smooth_25.png","Honey monk-strap formal shoe in smooth leather, brogued perforations, photographed at a slight three-quarter angle on the backdrop, polished and centered, minimal shadow. Studio e-commerce catalog photography, seamless warm light gray backdrop, soft diffused overhead lighting, neutral color balance, sharp focus, visible fabric texture, minimal premium aesthetic, centered composition, no text, no logos, no branding, no people, no patterned background."
278,"Formal Shoes","formal-shoes_ash-gray_derby_suede_26.png","Ash Gray derby formal shoe in suede leather, plain-toe, photographed at a slight three-quarter angle on the backdrop, polished and centered, minimal shadow. Studio e-commerce catalog photography, seamless warm light gray backdrop, soft diffused overhead lighting, neutral color balance, sharp focus, visible fabric texture, minimal premium aesthetic, centered composition, no text, no logos, no branding, no people, no patterned background."
279,"Formal Shoes","formal-shoes_maroon_loafer_full-grain_27.png","Maroon loafer formal shoe in full-grain leather, penny-strap, photographed at a slight three-quarter angle on the backdrop, polished and centered, minimal shadow. Studio e-commerce catalog photography, seamless warm light gray backdrop, soft diffused overhead lighting, neutral color balance, sharp focus, visible fabric texture, minimal premium aesthetic, centered composition, no text, no logos, no branding, no people, no patterned background."
280,"Formal Shoes","formal-shoes_pewter_oxford_pebbled_28.png","Pewter oxford formal shoe in pebbled leather, cap-toe, photographed at a slight three-quarter angle on the backdrop, polished and centered, minimal shadow. Studio e-commerce catalog photography, seamless warm light gray backdrop, soft diffused overhead lighting, neutral color balance, sharp focus, visible fabric texture, minimal premium aesthetic, centered composition, no text, no logos, no branding, no people, no patterned background."
281,"Formal Shoes","formal-shoes_mocha_derby_smooth_29.png","Mocha derby formal shoe in smooth leather, brogued perforations, photographed at a slight three-quarter angle on the backdrop, polished and centered, minimal shadow. Studio e-commerce catalog photography, seamless warm light gray backdrop, soft diffused overhead lighting, neutral color balance, sharp focus, visible fabric texture, minimal premium aesthetic, centered composition, no text, no logos, no branding, no people, no patterned background."
282,"Formal Shoes","formal-shoes_ivory_loafer_suede_30.png","Ivory loafer formal shoe in suede leather, plain-toe, photographed at a slight three-quarter angle on the backdrop, polished and centered, minimal shadow. Studio e-commerce catalog photography, seamless warm light gray backdrop, soft diffused overhead lighting, neutral color balance, sharp focus, visible fabric texture, minimal premium aesthetic, centered composition, no text, no logos, no branding, no people, no patterned background."
283,"Formal Shoes","formal-shoes_dark-tan_monk-strap_full-grain_31.png","Dark Tan monk-strap formal shoe in full-grain leather, cap-toe, photographed at a slight three-quarter angle on the backdrop, polished and centered, minimal shadow. Studio e-commerce catalog photography, seamless warm light gray backdrop, soft diffused overhead lighting, neutral color balance, sharp focus, visible fabric texture, minimal premium aesthetic, centered composition, no text, no logos, no branding, no people, no patterned background."
284,"Formal Shoes","formal-shoes_blue-gray_oxford_smooth_32.png","Blue Gray oxford formal shoe in smooth leather, plain-toe, photographed at a slight three-quarter angle on the backdrop, polished and centered, minimal shadow. Studio e-commerce catalog photography, seamless warm light gray backdrop, soft diffused overhead lighting, neutral color balance, sharp focus, visible fabric texture, minimal premium aesthetic, centered composition, no text, no logos, no branding, no people, no patterned background."
285,"Formal Shoes","formal-shoes_rust_derby_pebbled_33.png","Rust derby formal shoe in pebbled leather, brogued perforations, photographed at a slight three-quarter angle on the backdrop, polished and centered, minimal shadow. Studio e-commerce catalog photography, seamless warm light gray backdrop, soft diffused overhead lighting, neutral color balance, sharp focus, visible fabric texture, minimal premium aesthetic, centered composition, no text, no logos, no branding, no people, no patterned background."
286,"Formal Shoes","formal-shoes_plum_loafer_suede_34.png","Plum loafer formal shoe in suede leather, penny-strap, photographed at a slight three-quarter angle on the backdrop, polished and centered, minimal shadow. Studio e-commerce catalog photography, seamless warm light gray backdrop, soft diffused overhead lighting, neutral color balance, sharp focus, visible fabric texture, minimal premium aesthetic, centered composition, no text, no logos, no branding, no people, no patterned background."
287,"Formal Shoes","formal-shoes_silver_monk-strap_smooth_35.png","Silver monk-strap formal shoe in smooth leather, plain-toe, photographed at a slight three-quarter angle on the backdrop, polished and centered, minimal shadow. Studio e-commerce catalog photography, seamless warm light gray backdrop, soft diffused overhead lighting, neutral color balance, sharp focus, visible fabric texture, minimal premium aesthetic, centered composition, no text, no logos, no branding, no people, no patterned background."
288,"Formal Shoes","formal-shoes_forest_oxford_full-grain_36.png","Forest oxford formal shoe in full-grain leather, cap-toe, photographed at a slight three-quarter angle on the backdrop, polished and centered, minimal shadow. Studio e-commerce catalog photography, seamless warm light gray backdrop, soft diffused overhead lighting, neutral color balance, sharp focus, visible fabric texture, minimal premium aesthetic, centered composition, no text, no logos, no branding, no people, no patterned background."
289,"Formal Shoes","formal-shoes_cream_derby_pebbled_37.png","Cream derby formal shoe in pebbled leather, plain-toe, photographed at a slight three-quarter angle on the backdrop, polished and centered, minimal shadow. Studio e-commerce catalog photography, seamless warm light gray backdrop, soft diffused overhead lighting, neutral color balance, sharp focus, visible fabric texture, minimal premium aesthetic, centered composition, no text, no logos, no branding, no people, no patterned background."
290,"Formal Shoes","formal-shoes_copper_loafer_full-grain_38.png","Copper loafer formal shoe in full-grain leather, penny-strap, photographed at a slight three-quarter angle on the backdrop, polished and centered, minimal shadow. Studio e-commerce catalog photography, seamless warm light gray backdrop, soft diffused overhead lighting, neutral color balance, sharp focus, visible fabric texture, minimal premium aesthetic, centered composition, no text, no logos, no branding, no people, no patterned background."
291,"Formal Shoes","formal-shoes_anthracite_monk-strap_suede_39.png","Anthracite monk-strap formal shoe in suede leather, brogued perforations, photographed at a slight three-quarter angle on the backdrop, polished and centered, minimal shadow. Studio e-commerce catalog photography, seamless warm light gray backdrop, soft diffused overhead lighting, neutral color balance, sharp focus, visible fabric texture, minimal premium aesthetic, centered composition, no text, no logos, no branding, no people, no patterned background."
292,"Formal Shoes","formal-shoes_olive_oxford_smooth_40.png","Olive oxford formal shoe in smooth leather, cap-toe, photographed at a slight three-quarter angle on the backdrop, polished and centered, minimal shadow. Studio e-commerce catalog photography, seamless warm light gray backdrop, soft diffused overhead lighting, neutral color balance, sharp focus, visible fabric texture, minimal premium aesthetic, centered composition, no text, no logos, no branding, no people, no patterned background."
293,"Formal Shoes","formal-shoes_beige_derby_full-grain_41.png","Beige derby formal shoe in full-grain leather, plain-toe, photographed at a slight three-quarter angle on the backdrop, polished and centered, minimal shadow. Studio e-commerce catalog photography, seamless warm light gray backdrop, soft diffused overhead lighting, neutral color balance, sharp focus, visible fabric texture, minimal premium aesthetic, centered composition, no text, no logos, no branding, no people, no patterned background."
294,"Formal Shoes","formal-shoes_black_monk-strap_pebbled_42.png","Black monk-strap formal shoe in pebbled leather, brogued perforations, photographed at a slight three-quarter angle on the backdrop, polished and centered, minimal shadow. Studio e-commerce catalog photography, seamless warm light gray backdrop, soft diffused overhead lighting, neutral color balance, sharp focus, visible fabric texture, minimal premium aesthetic, centered composition, no text, no logos, no branding, no people, no patterned background."
295,"Backpacks","backpack_black_minimalist-commuter_recycled-nylon_01.png","Black minimalist commuter travel backpack in recycled nylon, with padded laptop sleeve panel, photographed standing upright at a slight three-quarter angle on the backdrop, straps neatly arranged, all hardware visible. Studio e-commerce catalog photography, seamless warm light gray backdrop, soft diffused overhead lighting, neutral color balance, sharp focus, visible fabric texture, minimal premium aesthetic, centered composition, no text, no logos, no branding, no people, no patterned background."
296,"Backpacks","backpack_charcoal_technical-travel_ripstop_02.png","Charcoal technical travel travel backpack in ripstop, with double-zip main compartment, photographed standing upright at a slight three-quarter angle on the backdrop, straps neatly arranged, all hardware visible. Studio e-commerce catalog photography, seamless warm light gray backdrop, soft diffused overhead lighting, neutral color balance, sharp focus, visible fabric texture, minimal premium aesthetic, centered composition, no text, no logos, no branding, no people, no patterned background."
297,"Backpacks","backpack_olive_daypack_waxed-canvas_03.png","Olive daypack travel backpack in waxed canvas, with stowable mesh side pockets, photographed standing upright at a slight three-quarter angle on the backdrop, straps neatly arranged, all hardware visible. Studio e-commerce catalog photography, seamless warm light gray backdrop, soft diffused overhead lighting, neutral color balance, sharp focus, visible fabric texture, minimal premium aesthetic, centered composition, no text, no logos, no branding, no people, no patterned background."
298,"Backpacks","backpack_navy_roll-top_technical-mesh-and-nylon_04.png","Navy roll-top travel backpack in technical mesh and nylon, with ergonomic top handle, photographed standing upright at a slight three-quarter angle on the backdrop, straps neatly arranged, all hardware visible. Studio e-commerce catalog photography, seamless warm light gray backdrop, soft diffused overhead lighting, neutral color balance, sharp focus, visible fabric texture, minimal premium aesthetic, centered composition, no text, no logos, no branding, no people, no patterned background."
299,"Backpacks","backpack_sand_minimalist-commuter_recycled-nylon_05.png","Sand minimalist commuter travel backpack in recycled nylon, with double-zip main compartment, photographed standing upright at a slight three-quarter angle on the backdrop, straps neatly arranged, all hardware visible. Studio e-commerce catalog photography, seamless warm light gray backdrop, soft diffused overhead lighting, neutral color balance, sharp focus, visible fabric texture, minimal premium aesthetic, centered composition, no text, no logos, no branding, no people, no patterned background."
300,"Backpacks","backpack_slate_technical-travel_ripstop_06.png","Slate technical travel travel backpack in ripstop, with padded laptop sleeve panel, photographed standing upright at a slight three-quarter angle on the backdrop, straps neatly arranged, all hardware visible. Studio e-commerce catalog photography, seamless warm light gray backdrop, soft diffused overhead lighting, neutral color balance, sharp focus, visible fabric texture, minimal premium aesthetic, centered composition, no text, no logos, no branding, no people, no patterned background."
301,"Backpacks","backpack_forest-green_daypack_recycled-nylon_07.png","Forest Green daypack travel backpack in recycled nylon, with stowable mesh side pockets, photographed standing upright at a slight three-quarter angle on the backdrop, straps neatly arranged, all hardware visible. Studio e-commerce catalog photography, seamless warm light gray backdrop, soft diffused overhead lighting, neutral color balance, sharp focus, visible fabric texture, minimal premium aesthetic, centered composition, no text, no logos, no branding, no people, no patterned background."
302,"Backpacks","backpack_tan_minimalist-commuter_waxed-canvas_08.png","Tan minimalist commuter travel backpack in waxed canvas, with ergonomic top handle, photographed standing upright at a slight three-quarter angle on the backdrop, straps neatly arranged, all hardware visible. Studio e-commerce catalog photography, seamless warm light gray backdrop, soft diffused overhead lighting, neutral color balance, sharp focus, visible fabric texture, minimal premium aesthetic, centered composition, no text, no logos, no branding, no people, no patterned background."
303,"Backpacks","backpack_graphite_roll-top_ripstop_09.png","Graphite roll-top travel backpack in ripstop, with double-zip main compartment, photographed standing upright at a slight three-quarter angle on the backdrop, straps neatly arranged, all hardware visible. Studio e-commerce catalog photography, seamless warm light gray backdrop, soft diffused overhead lighting, neutral color balance, sharp focus, visible fabric texture, minimal premium aesthetic, centered composition, no text, no logos, no branding, no people, no patterned background."
304,"Backpacks","backpack_burgundy_daypack_recycled-nylon_10.png","Burgundy daypack travel backpack in recycled nylon, with padded laptop sleeve panel, photographed standing upright at a slight three-quarter angle on the backdrop, straps neatly arranged, all hardware visible. Studio e-commerce catalog photography, seamless warm light gray backdrop, soft diffused overhead lighting, neutral color balance, sharp focus, visible fabric texture, minimal premium aesthetic, centered composition, no text, no logos, no branding, no people, no patterned background."
305,"Backpacks","backpack_stone_technical-travel_technical-mesh-and-nylon_11.png","Stone technical travel travel backpack in technical mesh and nylon, with stowable mesh side pockets, photographed standing upright at a slight three-quarter angle on the backdrop, straps neatly arranged, all hardware visible. Studio e-commerce catalog photography, seamless warm light gray backdrop, soft diffused overhead lighting, neutral color balance, sharp focus, visible fabric texture, minimal premium aesthetic, centered composition, no text, no logos, no branding, no people, no patterned background."
306,"Backpacks","backpack_midnight-blue_minimalist-commuter_recycled-nylon_12.png","Midnight Blue minimalist commuter travel backpack in recycled nylon, with ergonomic top handle, photographed standing upright at a slight three-quarter angle on the backdrop, straps neatly arranged, all hardware visible. Studio e-commerce catalog photography, seamless warm light gray backdrop, soft diffused overhead lighting, neutral color balance, sharp focus, visible fabric texture, minimal premium aesthetic, centered composition, no text, no logos, no branding, no people, no patterned background."
307,"Backpacks","backpack_camel_daypack_waxed-canvas_13.png","Camel daypack travel backpack in waxed canvas, with double-zip main compartment, photographed standing upright at a slight three-quarter angle on the backdrop, straps neatly arranged, all hardware visible. Studio e-commerce catalog photography, seamless warm light gray backdrop, soft diffused overhead lighting, neutral color balance, sharp focus, visible fabric texture, minimal premium aesthetic, centered composition, no text, no logos, no branding, no people, no patterned background."
308,"Backpacks","backpack_steel-blue_roll-top_ripstop_14.png","Steel Blue roll-top travel backpack in ripstop, with padded laptop sleeve panel, photographed standing upright at a slight three-quarter angle on the backdrop, straps neatly arranged, all hardware visible. Studio e-commerce catalog photography, seamless warm light gray backdrop, soft diffused overhead lighting, neutral color balance, sharp focus, visible fabric texture, minimal premium aesthetic, centered composition, no text, no logos, no branding, no people, no patterned background."
309,"Backpacks","backpack_espresso_technical-travel_recycled-nylon_15.png","Espresso technical travel travel backpack in recycled nylon, with stowable mesh side pockets, photographed standing upright at a slight three-quarter angle on the backdrop, straps neatly arranged, all hardware visible. Studio e-commerce catalog photography, seamless warm light gray backdrop, soft diffused overhead lighting, neutral color balance, sharp focus, visible fabric texture, minimal premium aesthetic, centered composition, no text, no logos, no branding, no people, no patterned background."
310,"Backpacks","backpack_sage_minimalist-commuter_waxed-canvas_16.png","Sage minimalist commuter travel backpack in waxed canvas, with double-zip main compartment, photographed standing upright at a slight three-quarter angle on the backdrop, straps neatly arranged, all hardware visible. Studio e-commerce catalog photography, seamless warm light gray backdrop, soft diffused overhead lighting, neutral color balance, sharp focus, visible fabric texture, minimal premium aesthetic, centered composition, no text, no logos, no branding, no people, no patterned background."
311,"Backpacks","backpack_pewter_daypack_ripstop_17.png","Pewter daypack travel backpack in ripstop, with ergonomic top handle, photographed standing upright at a slight three-quarter angle on the backdrop, straps neatly arranged, all hardware visible. Studio e-commerce catalog photography, seamless warm light gray backdrop, soft diffused overhead lighting, neutral color balance, sharp focus, visible fabric texture, minimal premium aesthetic, centered composition, no text, no logos, no branding, no people, no patterned background."
312,"Backpacks","backpack_rust_roll-top_technical-mesh-and-nylon_18.png","Rust roll-top travel backpack in technical mesh and nylon, with padded laptop sleeve panel, photographed standing upright at a slight three-quarter angle on the backdrop, straps neatly arranged, all hardware visible. Studio e-commerce catalog photography, seamless warm light gray backdrop, soft diffused overhead lighting, neutral color balance, sharp focus, visible fabric texture, minimal premium aesthetic, centered composition, no text, no logos, no branding, no people, no patterned background."
313,"Backpacks","backpack_ivory_minimalist-commuter_recycled-nylon_19.png","Ivory minimalist commuter travel backpack in recycled nylon, with stowable mesh side pockets, photographed standing upright at a slight three-quarter angle on the backdrop, straps neatly arranged, all hardware visible. Studio e-commerce catalog photography, seamless warm light gray backdrop, soft diffused overhead lighting, neutral color balance, sharp focus, visible fabric texture, minimal premium aesthetic, centered composition, no text, no logos, no branding, no people, no patterned background."
314,"Backpacks","backpack_teal_technical-travel_waxed-canvas_20.png","Teal technical travel travel backpack in waxed canvas, with double-zip main compartment, photographed standing upright at a slight three-quarter angle on the backdrop, straps neatly arranged, all hardware visible. Studio e-commerce catalog photography, seamless warm light gray backdrop, soft diffused overhead lighting, neutral color balance, sharp focus, visible fabric texture, minimal premium aesthetic, centered composition, no text, no logos, no branding, no people, no patterned background."
315,"Backpacks","backpack_maroon_daypack_recycled-nylon_21.png","Maroon daypack travel backpack in recycled nylon, with ergonomic top handle, photographed standing upright at a slight three-quarter angle on the backdrop, straps neatly arranged, all hardware visible. Studio e-commerce catalog photography, seamless warm light gray backdrop, soft diffused overhead lighting, neutral color balance, sharp focus, visible fabric texture, minimal premium aesthetic, centered composition, no text, no logos, no branding, no people, no patterned background."
316,"Backpacks","backpack_light-gray_roll-top_ripstop_22.png","Light Gray roll-top travel backpack in ripstop, with padded laptop sleeve panel, photographed standing upright at a slight three-quarter angle on the backdrop, straps neatly arranged, all hardware visible. Studio e-commerce catalog photography, seamless warm light gray backdrop, soft diffused overhead lighting, neutral color balance, sharp focus, visible fabric texture, minimal premium aesthetic, centered composition, no text, no logos, no branding, no people, no patterned background."
317,"Backpacks","backpack_brown_minimalist-commuter_waxed-canvas_23.png","Brown minimalist commuter travel backpack in waxed canvas, with stowable mesh side pockets, photographed standing upright at a slight three-quarter angle on the backdrop, straps neatly arranged, all hardware visible. Studio e-commerce catalog photography, seamless warm light gray backdrop, soft diffused overhead lighting, neutral color balance, sharp focus, visible fabric texture, minimal premium aesthetic, centered composition, no text, no logos, no branding, no people, no patterned background."
318,"Backpacks","backpack_cobalt_technical-travel_recycled-nylon_24.png","Cobalt technical travel travel backpack in recycled nylon, with double-zip main compartment, photographed standing upright at a slight three-quarter angle on the backdrop, straps neatly arranged, all hardware visible. Studio e-commerce catalog photography, seamless warm light gray backdrop, soft diffused overhead lighting, neutral color balance, sharp focus, visible fabric texture, minimal premium aesthetic, centered composition, no text, no logos, no branding, no people, no patterned background."
319,"Backpacks","backpack_mustard_daypack_ripstop_25.png","Mustard daypack travel backpack in ripstop, with ergonomic top handle, photographed standing upright at a slight three-quarter angle on the backdrop, straps neatly arranged, all hardware visible. Studio e-commerce catalog photography, seamless warm light gray backdrop, soft diffused overhead lighting, neutral color balance, sharp focus, visible fabric texture, minimal premium aesthetic, centered composition, no text, no logos, no branding, no people, no patterned background."
320,"Backpacks","backpack_plum_roll-top_technical-mesh-and-nylon_26.png","Plum roll-top travel backpack in technical mesh and nylon, with padded laptop sleeve panel, photographed standing upright at a slight three-quarter angle on the backdrop, straps neatly arranged, all hardware visible. Studio e-commerce catalog photography, seamless warm light gray backdrop, soft diffused overhead lighting, neutral color balance, sharp focus, visible fabric texture, minimal premium aesthetic, centered composition, no text, no logos, no branding, no people, no patterned background."
321,"Backpacks","backpack_aqua_minimalist-commuter_recycled-nylon_27.png","Aqua minimalist commuter travel backpack in recycled nylon, with stowable mesh side pockets, photographed standing upright at a slight three-quarter angle on the backdrop, straps neatly arranged, all hardware visible. Studio e-commerce catalog photography, seamless warm light gray backdrop, soft diffused overhead lighting, neutral color balance, sharp focus, visible fabric texture, minimal premium aesthetic, centered composition, no text, no logos, no branding, no people, no patterned background."
322,"Backpacks","backpack_copper_technical-travel_waxed-canvas_28.png","Copper technical travel travel backpack in waxed canvas, with double-zip main compartment, photographed standing upright at a slight three-quarter angle on the backdrop, straps neatly arranged, all hardware visible. Studio e-commerce catalog photography, seamless warm light gray backdrop, soft diffused overhead lighting, neutral color balance, sharp focus, visible fabric texture, minimal premium aesthetic, centered composition, no text, no logos, no branding, no people, no patterned background."
323,"Backpacks","backpack_denim-blue_daypack_ripstop_29.png","Denim Blue daypack travel backpack in ripstop, with ergonomic top handle, photographed standing upright at a slight three-quarter angle on the backdrop, straps neatly arranged, all hardware visible. Studio e-commerce catalog photography, seamless warm light gray backdrop, soft diffused overhead lighting, neutral color balance, sharp focus, visible fabric texture, minimal premium aesthetic, centered composition, no text, no logos, no branding, no people, no patterned background."
324,"Backpacks","backpack_cream_roll-top_recycled-nylon_30.png","Cream roll-top travel backpack in recycled nylon, with padded laptop sleeve panel, photographed standing upright at a slight three-quarter angle on the backdrop, straps neatly arranged, all hardware visible. Studio e-commerce catalog photography, seamless warm light gray backdrop, soft diffused overhead lighting, neutral color balance, sharp focus, visible fabric texture, minimal premium aesthetic, centered composition, no text, no logos, no branding, no people, no patterned background."
325,"Backpacks","backpack_wine_minimalist-commuter_technical-mesh-and-nylon_31.png","Wine minimalist commuter travel backpack in technical mesh and nylon, with stowable mesh side pockets, photographed standing upright at a slight three-quarter angle on the backdrop, straps neatly arranged, all hardware visible. Studio e-commerce catalog photography, seamless warm light gray backdrop, soft diffused overhead lighting, neutral color balance, sharp focus, visible fabric texture, minimal premium aesthetic, centered composition, no text, no logos, no branding, no people, no patterned background."
326,"Backpacks","backpack_army-green_technical-travel_waxed-canvas_32.png","Army Green technical travel travel backpack in waxed canvas, with double-zip main compartment, photographed standing upright at a slight three-quarter angle on the backdrop, straps neatly arranged, all hardware visible. Studio e-commerce catalog photography, seamless warm light gray backdrop, soft diffused overhead lighting, neutral color balance, sharp focus, visible fabric texture, minimal premium aesthetic, centered composition, no text, no logos, no branding, no people, no patterned background."
327,"Backpacks","backpack_pink_daypack_recycled-nylon_33.png","Pink daypack travel backpack in recycled nylon, with ergonomic top handle, photographed standing upright at a slight three-quarter angle on the backdrop, straps neatly arranged, all hardware visible. Studio e-commerce catalog photography, seamless warm light gray backdrop, soft diffused overhead lighting, neutral color balance, sharp focus, visible fabric texture, minimal premium aesthetic, centered composition, no text, no logos, no branding, no people, no patterned background."
328,"Backpacks","backpack_orange_roll-top_ripstop_34.png","Orange roll-top travel backpack in ripstop, with padded laptop sleeve panel, photographed standing upright at a slight three-quarter angle on the backdrop, straps neatly arranged, all hardware visible. Studio e-commerce catalog photography, seamless warm light gray backdrop, soft diffused overhead lighting, neutral color balance, sharp focus, visible fabric texture, minimal premium aesthetic, centered composition, no text, no logos, no branding, no people, no patterned background."
329,"Backpacks","backpack_yellow_minimalist-commuter_recycled-nylon_35.png","Yellow minimalist commuter travel backpack in recycled nylon, with stowable mesh side pockets, photographed standing upright at a slight three-quarter angle on the backdrop, straps neatly arranged, all hardware visible. Studio e-commerce catalog photography, seamless warm light gray backdrop, soft diffused overhead lighting, neutral color balance, sharp focus, visible fabric texture, minimal premium aesthetic, centered composition, no text, no logos, no branding, no people, no patterned background."
330,"Backpacks","backpack_red_technical-travel_waxed-canvas_36.png","Red technical travel travel backpack in waxed canvas, with double-zip main compartment, photographed standing upright at a slight three-quarter angle on the backdrop, straps neatly arranged, all hardware visible. Studio e-commerce catalog photography, seamless warm light gray backdrop, soft diffused overhead lighting, neutral color balance, sharp focus, visible fabric texture, minimal premium aesthetic, centered composition, no text, no logos, no branding, no people, no patterned background."
331,"Backpacks","backpack_white_daypack_ripstop_37.png","White daypack travel backpack in ripstop, with ergonomic top handle, photographed standing upright at a slight three-quarter angle on the backdrop, straps neatly arranged, all hardware visible. Studio e-commerce catalog photography, seamless warm light gray backdrop, soft diffused overhead lighting, neutral color balance, sharp focus, visible fabric texture, minimal premium aesthetic, centered composition, no text, no logos, no branding, no people, no patterned background."
332,"Backpacks","backpack_beige_roll-top_recycled-nylon_38.png","Beige roll-top travel backpack in recycled nylon, with padded laptop sleeve panel, photographed standing upright at a slight three-quarter angle on the backdrop, straps neatly arranged, all hardware visible. Studio e-commerce catalog photography, seamless warm light gray backdrop, soft diffused overhead lighting, neutral color balance, sharp focus, visible fabric texture, minimal premium aesthetic, centered composition, no text, no logos, no branding, no people, no patterned background."
333,"Backpacks","backpack_khaki_minimalist-commuter_waxed-canvas_39.png","Khaki minimalist commuter travel backpack in waxed canvas, with double-zip main compartment, photographed standing upright at a slight three-quarter angle on the backdrop, straps neatly arranged, all hardware visible. Studio e-commerce catalog photography, seamless warm light gray backdrop, soft diffused overhead lighting, neutral color balance, sharp focus, visible fabric texture, minimal premium aesthetic, centered composition, no text, no logos, no branding, no people, no patterned background."
334,"Backpacks","backpack_blue-gray_technical-travel_technical-mesh-and-nylon_40.png","Blue Gray technical travel travel backpack in technical mesh and nylon, with stowable mesh side pockets, photographed standing upright at a slight three-quarter angle on the backdrop, straps neatly arranged, all hardware visible. Studio e-commerce catalog photography, seamless warm light gray backdrop, soft diffused overhead lighting, neutral color balance, sharp focus, visible fabric texture, minimal premium aesthetic, centered composition, no text, no logos, no branding, no people, no patterned background."
335,"Backpacks","backpack_mocha_daypack_recycled-nylon_41.png","Mocha daypack travel backpack in recycled nylon, with ergonomic top handle, photographed standing upright at a slight three-quarter angle on the backdrop, straps neatly arranged, all hardware visible. Studio e-commerce catalog photography, seamless warm light gray backdrop, soft diffused overhead lighting, neutral color balance, sharp focus, visible fabric texture, minimal premium aesthetic, centered composition, no text, no logos, no branding, no people, no patterned background."
336,"Backpacks","backpack_silver_roll-top_ripstop_42.png","Silver roll-top travel backpack in ripstop, with double-zip main compartment, photographed standing upright at a slight three-quarter angle on the backdrop, straps neatly arranged, all hardware visible. Studio e-commerce catalog photography, seamless warm light gray backdrop, soft diffused overhead lighting, neutral color balance, sharp focus, visible fabric texture, minimal premium aesthetic, centered composition, no text, no logos, no branding, no people, no patterned background."
337,"Sunglasses","sunglasses_tortoise_rectangular_gradient-brown_01.png","Tortoise rectangular sunglasses with gradient brown lenses in acetate frame, displayed flat-lay top-down on the backdrop, arms slightly open, subtle reflection on the lens. Studio e-commerce catalog photography, seamless warm light gray backdrop, soft diffused overhead lighting, neutral color balance, sharp focus, visible fabric texture, minimal premium aesthetic, centered composition, no text, no logos, no branding, no people, no patterned background."
338,"Sunglasses","sunglasses_matte-black_round_smoke-gray_02.png","Matte Black round sunglasses with smoke gray lenses in lightweight metal frame, displayed flat-lay top-down on the backdrop, arms slightly open, subtle reflection on the lens. Studio e-commerce catalog photography, seamless warm light gray backdrop, soft diffused overhead lighting, neutral color balance, sharp focus, visible fabric texture, minimal premium aesthetic, centered composition, no text, no logos, no branding, no people, no patterned background."
339,"Sunglasses","sunglasses_gunmetal_aviator_polarized-green_03.png","Gunmetal aviator sunglasses with polarized green lenses in lightweight metal frame, displayed flat-lay top-down on the backdrop, arms slightly open, subtle reflection on the lens. Studio e-commerce catalog photography, seamless warm light gray backdrop, soft diffused overhead lighting, neutral color balance, sharp focus, visible fabric texture, minimal premium aesthetic, centered composition, no text, no logos, no branding, no people, no patterned background."
340,"Sunglasses","sunglasses_clear_wayfarer_mirrored-silver_04.png","Clear wayfarer sunglasses with mirrored silver lenses in recycled bio-acetate frame, displayed flat-lay top-down on the backdrop, arms slightly open, subtle reflection on the lens. Studio e-commerce catalog photography, seamless warm light gray backdrop, soft diffused overhead lighting, neutral color balance, sharp focus, visible fabric texture, minimal premium aesthetic, centered composition, no text, no logos, no branding, no people, no patterned background."
341,"Sunglasses","sunglasses_brown_oversized-square_gradient-brown_05.png","Brown oversized square sunglasses with gradient brown lenses in acetate frame, displayed flat-lay top-down on the backdrop, arms slightly open, subtle reflection on the lens. Studio e-commerce catalog photography, seamless warm light gray backdrop, soft diffused overhead lighting, neutral color balance, sharp focus, visible fabric texture, minimal premium aesthetic, centered composition, no text, no logos, no branding, no people, no patterned background."
342,"Sunglasses","sunglasses_matte-black_rimless_smoke-gray_06.png","Matte Black rimless sunglasses with smoke gray lenses in lightweight metal frame, displayed flat-lay top-down on the backdrop, arms slightly open, subtle reflection on the lens. Studio e-commerce catalog photography, seamless warm light gray backdrop, soft diffused overhead lighting, neutral color balance, sharp focus, visible fabric texture, minimal premium aesthetic, centered composition, no text, no logos, no branding, no people, no patterned background."
343,"Sunglasses","sunglasses_tortoise_round_polarized-green_07.png","Tortoise round sunglasses with polarized green lenses in recycled bio-acetate frame, displayed flat-lay top-down on the backdrop, arms slightly open, subtle reflection on the lens. Studio e-commerce catalog photography, seamless warm light gray backdrop, soft diffused overhead lighting, neutral color balance, sharp focus, visible fabric texture, minimal premium aesthetic, centered composition, no text, no logos, no branding, no people, no patterned background."
344,"Sunglasses","sunglasses_gunmetal_rectangular_mirrored-silver_08.png","Gunmetal rectangular sunglasses with mirrored silver lenses in acetate frame, displayed flat-lay top-down on the backdrop, arms slightly open, subtle reflection on the lens. Studio e-commerce catalog photography, seamless warm light gray backdrop, soft diffused overhead lighting, neutral color balance, sharp focus, visible fabric texture, minimal premium aesthetic, centered composition, no text, no logos, no branding, no people, no patterned background."
345,"Sunglasses","sunglasses_charcoal_wayfarer_smoke-gray_09.png","Charcoal wayfarer sunglasses with smoke gray lenses in lightweight metal frame, displayed flat-lay top-down on the backdrop, arms slightly open, subtle reflection on the lens. Studio e-commerce catalog photography, seamless warm light gray backdrop, soft diffused overhead lighting, neutral color balance, sharp focus, visible fabric texture, minimal premium aesthetic, centered composition, no text, no logos, no branding, no people, no patterned background."
346,"Sunglasses","sunglasses_amber_aviator_gradient-brown_10.png","Amber aviator sunglasses with gradient brown lenses in acetate frame, displayed flat-lay top-down on the backdrop, arms slightly open, subtle reflection on the lens. Studio e-commerce catalog photography, seamless warm light gray backdrop, soft diffused overhead lighting, neutral color balance, sharp focus, visible fabric texture, minimal premium aesthetic, centered composition, no text, no logos, no branding, no people, no patterned background."
347,"Sunglasses","sunglasses_navy_oversized-square_polarized-green_11.png","Navy oversized square sunglasses with polarized green lenses in recycled bio-acetate frame, displayed flat-lay top-down on the backdrop, arms slightly open, subtle reflection on the lens. Studio e-commerce catalog photography, seamless warm light gray backdrop, soft diffused overhead lighting, neutral color balance, sharp focus, visible fabric texture, minimal premium aesthetic, centered composition, no text, no logos, no branding, no people, no patterned background."
348,"Sunglasses","sunglasses_silver_rimless_mirrored-silver_12.png","Silver rimless sunglasses with mirrored silver lenses in lightweight metal frame, displayed flat-lay top-down on the backdrop, arms slightly open, subtle reflection on the lens. Studio e-commerce catalog photography, seamless warm light gray backdrop, soft diffused overhead lighting, neutral color balance, sharp focus, visible fabric texture, minimal premium aesthetic, centered composition, no text, no logos, no branding, no people, no patterned background."
349,"Sunglasses","sunglasses_olive_rectangular_smoke-gray_13.png","Olive rectangular sunglasses with smoke gray lenses in acetate frame, displayed flat-lay top-down on the backdrop, arms slightly open, subtle reflection on the lens. Studio e-commerce catalog photography, seamless warm light gray backdrop, soft diffused overhead lighting, neutral color balance, sharp focus, visible fabric texture, minimal premium aesthetic, centered composition, no text, no logos, no branding, no people, no patterned background."
350,"Sunglasses","sunglasses_cream_round_gradient-brown_14.png","Cream round sunglasses with gradient brown lenses in recycled bio-acetate frame, displayed flat-lay top-down on the backdrop, arms slightly open, subtle reflection on the lens. Studio e-commerce catalog photography, seamless warm light gray backdrop, soft diffused overhead lighting, neutral color balance, sharp focus, visible fabric texture, minimal premium aesthetic, centered composition, no text, no logos, no branding, no people, no patterned background."
351,"Sunglasses","sunglasses_burgundy_wayfarer_polarized-green_15.png","Burgundy wayfarer sunglasses with polarized green lenses in acetate frame, displayed flat-lay top-down on the backdrop, arms slightly open, subtle reflection on the lens. Studio e-commerce catalog photography, seamless warm light gray backdrop, soft diffused overhead lighting, neutral color balance, sharp focus, visible fabric texture, minimal premium aesthetic, centered composition, no text, no logos, no branding, no people, no patterned background."
352,"Sunglasses","sunglasses_slate_aviator_smoke-gray_16.png","Slate aviator sunglasses with smoke gray lenses in lightweight metal frame, displayed flat-lay top-down on the backdrop, arms slightly open, subtle reflection on the lens. Studio e-commerce catalog photography, seamless warm light gray backdrop, soft diffused overhead lighting, neutral color balance, sharp focus, visible fabric texture, minimal premium aesthetic, centered composition, no text, no logos, no branding, no people, no patterned background."
353,"Sunglasses","sunglasses_gold_oversized-square_mirrored-silver_17.png","Gold oversized square sunglasses with mirrored silver lenses in acetate frame, displayed flat-lay top-down on the backdrop, arms slightly open, subtle reflection on the lens. Studio e-commerce catalog photography, seamless warm light gray backdrop, soft diffused overhead lighting, neutral color balance, sharp focus, visible fabric texture, minimal premium aesthetic, centered composition, no text, no logos, no branding, no people, no patterned background."
354,"Sunglasses","sunglasses_black_rectangular_gradient-brown_18.png","Black rectangular sunglasses with gradient brown lenses in recycled bio-acetate frame, displayed flat-lay top-down on the backdrop, arms slightly open, subtle reflection on the lens. Studio e-commerce catalog photography, seamless warm light gray backdrop, soft diffused overhead lighting, neutral color balance, sharp focus, visible fabric texture, minimal premium aesthetic, centered composition, no text, no logos, no branding, no people, no patterned background."
355,"Sunglasses","sunglasses_bronze_round_smoke-gray_19.png","Bronze round sunglasses with smoke gray lenses in lightweight metal frame, displayed flat-lay top-down on the backdrop, arms slightly open, subtle reflection on the lens. Studio e-commerce catalog photography, seamless warm light gray backdrop, soft diffused overhead lighting, neutral color balance, sharp focus, visible fabric texture, minimal premium aesthetic, centered composition, no text, no logos, no branding, no people, no patterned background."
356,"Sunglasses","sunglasses_teal_wayfarer_polarized-green_20.png","Teal wayfarer sunglasses with polarized green lenses in acetate frame, displayed flat-lay top-down on the backdrop, arms slightly open, subtle reflection on the lens. Studio e-commerce catalog photography, seamless warm light gray backdrop, soft diffused overhead lighting, neutral color balance, sharp focus, visible fabric texture, minimal premium aesthetic, centered composition, no text, no logos, no branding, no people, no patterned background."
357,"Sunglasses","sunglasses_sand_aviator_gradient-brown_21.png","Sand aviator sunglasses with gradient brown lenses in lightweight metal frame, displayed flat-lay top-down on the backdrop, arms slightly open, subtle reflection on the lens. Studio e-commerce catalog photography, seamless warm light gray backdrop, soft diffused overhead lighting, neutral color balance, sharp focus, visible fabric texture, minimal premium aesthetic, centered composition, no text, no logos, no branding, no people, no patterned background."
358,"Sunglasses","sunglasses_graphite_rimless_smoke-gray_22.png","Graphite rimless sunglasses with smoke gray lenses in recycled bio-acetate frame, displayed flat-lay top-down on the backdrop, arms slightly open, subtle reflection on the lens. Studio e-commerce catalog photography, seamless warm light gray backdrop, soft diffused overhead lighting, neutral color balance, sharp focus, visible fabric texture, minimal premium aesthetic, centered composition, no text, no logos, no branding, no people, no patterned background."
359,"Sunglasses","sunglasses_rose-gold_rectangular_mirrored-silver_23.png","Rose Gold rectangular sunglasses with mirrored silver lenses in acetate frame, displayed flat-lay top-down on the backdrop, arms slightly open, subtle reflection on the lens. Studio e-commerce catalog photography, seamless warm light gray backdrop, soft diffused overhead lighting, neutral color balance, sharp focus, visible fabric texture, minimal premium aesthetic, centered composition, no text, no logos, no branding, no people, no patterned background."
360,"Sunglasses","sunglasses_forest-green_round_polarized-green_24.png","Forest Green round sunglasses with polarized green lenses in lightweight metal frame, displayed flat-lay top-down on the backdrop, arms slightly open, subtle reflection on the lens. Studio e-commerce catalog photography, seamless warm light gray backdrop, soft diffused overhead lighting, neutral color balance, sharp focus, visible fabric texture, minimal premium aesthetic, centered composition, no text, no logos, no branding, no people, no patterned background."
361,"Sunglasses","sunglasses_white_wayfarer_smoke-gray_25.png","White wayfarer sunglasses with smoke gray lenses in recycled bio-acetate frame, displayed flat-lay top-down on the backdrop, arms slightly open, subtle reflection on the lens. Studio e-commerce catalog photography, seamless warm light gray backdrop, soft diffused overhead lighting, neutral color balance, sharp focus, visible fabric texture, minimal premium aesthetic, centered composition, no text, no logos, no branding, no people, no patterned background."
362,"Sunglasses","sunglasses_copper_oversized-square_gradient-brown_26.png","Copper oversized square sunglasses with gradient brown lenses in acetate frame, displayed flat-lay top-down on the backdrop, arms slightly open, subtle reflection on the lens. Studio e-commerce catalog photography, seamless warm light gray backdrop, soft diffused overhead lighting, neutral color balance, sharp focus, visible fabric texture, minimal premium aesthetic, centered composition, no text, no logos, no branding, no people, no patterned background."
363,"Sunglasses","sunglasses_midnight-blue_aviator_mirrored-silver_27.png","Midnight Blue aviator sunglasses with mirrored silver lenses in lightweight metal frame, displayed flat-lay top-down on the backdrop, arms slightly open, subtle reflection on the lens. Studio e-commerce catalog photography, seamless warm light gray backdrop, soft diffused overhead lighting, neutral color balance, sharp focus, visible fabric texture, minimal premium aesthetic, centered composition, no text, no logos, no branding, no people, no patterned background."
364,"Sunglasses","sunglasses_peach_rectangular_smoke-gray_28.png","Peach rectangular sunglasses with smoke gray lenses in recycled bio-acetate frame, displayed flat-lay top-down on the backdrop, arms slightly open, subtle reflection on the lens. Studio e-commerce catalog photography, seamless warm light gray backdrop, soft diffused overhead lighting, neutral color balance, sharp focus, visible fabric texture, minimal premium aesthetic, centered composition, no text, no logos, no branding, no people, no patterned background."
365,"Sunglasses","sunglasses_lavender_round_polarized-green_29.png","Lavender round sunglasses with polarized green lenses in acetate frame, displayed flat-lay top-down on the backdrop, arms slightly open, subtle reflection on the lens. Studio e-commerce catalog photography, seamless warm light gray backdrop, soft diffused overhead lighting, neutral color balance, sharp focus, visible fabric texture, minimal premium aesthetic, centered composition, no text, no logos, no branding, no people, no patterned background."
366,"Sunglasses","sunglasses_red_wayfarer_gradient-brown_30.png","Red wayfarer sunglasses with gradient brown lenses in lightweight metal frame, displayed flat-lay top-down on the backdrop, arms slightly open, subtle reflection on the lens. Studio e-commerce catalog photography, seamless warm light gray backdrop, soft diffused overhead lighting, neutral color balance, sharp focus, visible fabric texture, minimal premium aesthetic, centered composition, no text, no logos, no branding, no people, no patterned background."
367,"Sunglasses","sunglasses_blue_rimless_smoke-gray_31.png","Blue rimless sunglasses with smoke gray lenses in recycled bio-acetate frame, displayed flat-lay top-down on the backdrop, arms slightly open, subtle reflection on the lens. Studio e-commerce catalog photography, seamless warm light gray backdrop, soft diffused overhead lighting, neutral color balance, sharp focus, visible fabric texture, minimal premium aesthetic, centered composition, no text, no logos, no branding, no people, no patterned background."
368,"Sunglasses","sunglasses_yellow_aviator_mirrored-silver_32.png","Yellow aviator sunglasses with mirrored silver lenses in acetate frame, displayed flat-lay top-down on the backdrop, arms slightly open, subtle reflection on the lens. Studio e-commerce catalog photography, seamless warm light gray backdrop, soft diffused overhead lighting, neutral color balance, sharp focus, visible fabric texture, minimal premium aesthetic, centered composition, no text, no logos, no branding, no people, no patterned background."
369,"Sunglasses","sunglasses_pink_rectangular_gradient-brown_33.png","Pink rectangular sunglasses with gradient brown lenses in lightweight metal frame, displayed flat-lay top-down on the backdrop, arms slightly open, subtle reflection on the lens. Studio e-commerce catalog photography, seamless warm light gray backdrop, soft diffused overhead lighting, neutral color balance, sharp focus, visible fabric texture, minimal premium aesthetic, centered composition, no text, no logos, no branding, no people, no patterned background."
370,"Sunglasses","sunglasses_maroon_round_polarized-green_34.png","Maroon round sunglasses with polarized green lenses in recycled bio-acetate frame, displayed flat-lay top-down on the backdrop, arms slightly open, subtle reflection on the lens. Studio e-commerce catalog photography, seamless warm light gray backdrop, soft diffused overhead lighting, neutral color balance, sharp focus, visible fabric texture, minimal premium aesthetic, centered composition, no text, no logos, no branding, no people, no patterned background."
371,"Sunglasses","sunglasses_khaki_wayfarer_smoke-gray_35.png","Khaki wayfarer sunglasses with smoke gray lenses in acetate frame, displayed flat-lay top-down on the backdrop, arms slightly open, subtle reflection on the lens. Studio e-commerce catalog photography, seamless warm light gray backdrop, soft diffused overhead lighting, neutral color balance, sharp focus, visible fabric texture, minimal premium aesthetic, centered composition, no text, no logos, no branding, no people, no patterned background."
372,"Sunglasses","sunglasses_espresso_oversized-square_gradient-brown_36.png","Espresso oversized square sunglasses with gradient brown lenses in lightweight metal frame, displayed flat-lay top-down on the backdrop, arms slightly open, subtle reflection on the lens. Studio e-commerce catalog photography, seamless warm light gray backdrop, soft diffused overhead lighting, neutral color balance, sharp focus, visible fabric texture, minimal premium aesthetic, centered composition, no text, no logos, no branding, no people, no patterned background."
373,"Sunglasses","sunglasses_mint_aviator_mirrored-silver_37.png","Mint aviator sunglasses with mirrored silver lenses in recycled bio-acetate frame, displayed flat-lay top-down on the backdrop, arms slightly open, subtle reflection on the lens. Studio e-commerce catalog photography, seamless warm light gray backdrop, soft diffused overhead lighting, neutral color balance, sharp focus, visible fabric texture, minimal premium aesthetic, centered composition, no text, no logos, no branding, no people, no patterned background."
374,"Sunglasses","sunglasses_plum_rectangular_smoke-gray_38.png","Plum rectangular sunglasses with smoke gray lenses in acetate frame, displayed flat-lay top-down on the backdrop, arms slightly open, subtle reflection on the lens. Studio e-commerce catalog photography, seamless warm light gray backdrop, soft diffused overhead lighting, neutral color balance, sharp focus, visible fabric texture, minimal premium aesthetic, centered composition, no text, no logos, no branding, no people, no patterned background."
375,"Sunglasses","sunglasses_rust_round_polarized-green_39.png","Rust round sunglasses with polarized green lenses in lightweight metal frame, displayed flat-lay top-down on the backdrop, arms slightly open, subtle reflection on the lens. Studio e-commerce catalog photography, seamless warm light gray backdrop, soft diffused overhead lighting, neutral color balance, sharp focus, visible fabric texture, minimal premium aesthetic, centered composition, no text, no logos, no branding, no people, no patterned background."
376,"Sunglasses","sunglasses_ivory_wayfarer_gradient-brown_40.png","Ivory wayfarer sunglasses with gradient brown lenses in recycled bio-acetate frame, displayed flat-lay top-down on the backdrop, arms slightly open, subtle reflection on the lens. Studio e-commerce catalog photography, seamless warm light gray backdrop, soft diffused overhead lighting, neutral color balance, sharp focus, visible fabric texture, minimal premium aesthetic, centered composition, no text, no logos, no branding, no people, no patterned background."
377,"Sunglasses","sunglasses_steel_rimless_smoke-gray_41.png","Steel rimless sunglasses with smoke gray lenses in acetate frame, displayed flat-lay top-down on the backdrop, arms slightly open, subtle reflection on the lens. Studio e-commerce catalog photography, seamless warm light gray backdrop, soft diffused overhead lighting, neutral color balance, sharp focus, visible fabric texture, minimal premium aesthetic, centered composition, no text, no logos, no branding, no people, no patterned background."
378,"Sunglasses","sunglasses_caramel_aviator_mirrored-silver_42.png","Caramel aviator sunglasses with mirrored silver lenses in lightweight metal frame, displayed flat-lay top-down on the backdrop, arms slightly open, subtle reflection on the lens. Studio e-commerce catalog photography, seamless warm light gray backdrop, soft diffused overhead lighting, neutral color balance, sharp focus, visible fabric texture, minimal premium aesthetic, centered composition, no text, no logos, no branding, no people, no patterned background."
379,"Raincoats","raincoat_olive_mid-length_packable_01.png","Olive mid-length packable raincoat in recycled nylon shell, hung on a wooden hanger against the backdrop, three-quarter angle, hood visible, water-repellent surface texture rendered. Studio e-commerce catalog photography, seamless warm light gray backdrop, soft diffused overhead lighting, neutral color balance, sharp focus, visible fabric texture, minimal premium aesthetic, centered composition, no text, no logos, no branding, no people, no patterned background."
380,"Raincoats","raincoat_navy_hip-length_technical-shell_02.png","Navy hip-length technical shell raincoat in breathable membrane, hung on a wooden hanger against the backdrop, three-quarter angle, hood visible, water-repellent surface texture rendered. Studio e-commerce catalog photography, seamless warm light gray backdrop, soft diffused overhead lighting, neutral color balance, sharp focus, visible fabric texture, minimal premium aesthetic, centered composition, no text, no logos, no branding, no people, no patterned background."
381,"Raincoats","raincoat_translucent-black_longline_double-breasted-trench_03.png","Translucent Black longline double-breasted trench raincoat in waxed cotton, hung on a wooden hanger against the backdrop, three-quarter angle, hood visible, water-repellent surface texture rendered. Studio e-commerce catalog photography, seamless warm light gray backdrop, soft diffused overhead lighting, neutral color balance, sharp focus, visible fabric texture, minimal premium aesthetic, centered composition, no text, no logos, no branding, no people, no patterned background."
382,"Raincoats","raincoat_sand_mid-length_packable_04.png","Sand mid-length packable raincoat in recycled nylon shell, hung on a wooden hanger against the backdrop, three-quarter angle, hood visible, water-repellent surface texture rendered. Studio e-commerce catalog photography, seamless warm light gray backdrop, soft diffused overhead lighting, neutral color balance, sharp focus, visible fabric texture, minimal premium aesthetic, centered composition, no text, no logos, no branding, no people, no patterned background."
383,"Raincoats","raincoat_slate-gray_hip-length_technical-shell_05.png","Slate Gray hip-length technical shell raincoat in breathable membrane, hung on a wooden hanger against the backdrop, three-quarter angle, hood visible, water-repellent surface texture rendered. Studio e-commerce catalog photography, seamless warm light gray backdrop, soft diffused overhead lighting, neutral color balance, sharp focus, visible fabric texture, minimal premium aesthetic, centered composition, no text, no logos, no branding, no people, no patterned background."
384,"Raincoats","raincoat_butter-yellow_longline_packable_06.png","Butter Yellow longline packable raincoat in recycled nylon shell, hung on a wooden hanger against the backdrop, three-quarter angle, hood visible, water-repellent surface texture rendered. Studio e-commerce catalog photography, seamless warm light gray backdrop, soft diffused overhead lighting, neutral color balance, sharp focus, visible fabric texture, minimal premium aesthetic, centered composition, no text, no logos, no branding, no people, no patterned background."
385,"Raincoats","raincoat_forest-green_mid-length_double-breasted-trench_07.png","Forest Green mid-length double-breasted trench raincoat in waxed cotton, hung on a wooden hanger against the backdrop, three-quarter angle, hood visible, water-repellent surface texture rendered. Studio e-commerce catalog photography, seamless warm light gray backdrop, soft diffused overhead lighting, neutral color balance, sharp focus, visible fabric texture, minimal premium aesthetic, centered composition, no text, no logos, no branding, no people, no patterned background."
386,"Raincoats","raincoat_charcoal_hip-length_packable_08.png","Charcoal hip-length packable raincoat in recycled nylon shell, hung on a wooden hanger against the backdrop, three-quarter angle, hood visible, water-repellent surface texture rendered. Studio e-commerce catalog photography, seamless warm light gray backdrop, soft diffused overhead lighting, neutral color balance, sharp focus, visible fabric texture, minimal premium aesthetic, centered composition, no text, no logos, no branding, no people, no patterned background."
387,"Raincoats","raincoat_midnight-blue_longline_technical-shell_09.png","Midnight Blue longline technical shell raincoat in breathable membrane, hung on a wooden hanger against the backdrop, three-quarter angle, hood visible, water-repellent surface texture rendered. Studio e-commerce catalog photography, seamless warm light gray backdrop, soft diffused overhead lighting, neutral color balance, sharp focus, visible fabric texture, minimal premium aesthetic, centered composition, no text, no logos, no branding, no people, no patterned background."
388,"Raincoats","raincoat_camel_mid-length_double-breasted-trench_10.png","Camel mid-length double-breasted trench raincoat in waxed cotton, hung on a wooden hanger against the backdrop, three-quarter angle, hood visible, water-repellent surface texture rendered. Studio e-commerce catalog photography, seamless warm light gray backdrop, soft diffused overhead lighting, neutral color balance, sharp focus, visible fabric texture, minimal premium aesthetic, centered composition, no text, no logos, no branding, no people, no patterned background."
389,"Raincoats","raincoat_teal_hip-length_packable_11.png","Teal hip-length packable raincoat in recycled nylon shell, hung on a wooden hanger against the backdrop, three-quarter angle, hood visible, water-repellent surface texture rendered. Studio e-commerce catalog photography, seamless warm light gray backdrop, soft diffused overhead lighting, neutral color balance, sharp focus, visible fabric texture, minimal premium aesthetic, centered composition, no text, no logos, no branding, no people, no patterned background."
390,"Raincoats","raincoat_burgundy_longline_technical-shell_12.png","Burgundy longline technical shell raincoat in breathable membrane, hung on a wooden hanger against the backdrop, three-quarter angle, hood visible, water-repellent surface texture rendered. Studio e-commerce catalog photography, seamless warm light gray backdrop, soft diffused overhead lighting, neutral color balance, sharp focus, visible fabric texture, minimal premium aesthetic, centered composition, no text, no logos, no branding, no people, no patterned background."
391,"Raincoats","raincoat_stone_mid-length_packable_13.png","Stone mid-length packable raincoat in recycled nylon shell, hung on a wooden hanger against the backdrop, three-quarter angle, hood visible, water-repellent surface texture rendered. Studio e-commerce catalog photography, seamless warm light gray backdrop, soft diffused overhead lighting, neutral color balance, sharp focus, visible fabric texture, minimal premium aesthetic, centered composition, no text, no logos, no branding, no people, no patterned background."
392,"Raincoats","raincoat_black_hip-length_double-breasted-trench_14.png","Black hip-length double-breasted trench raincoat in waxed cotton, hung on a wooden hanger against the backdrop, three-quarter angle, hood visible, water-repellent surface texture rendered. Studio e-commerce catalog photography, seamless warm light gray backdrop, soft diffused overhead lighting, neutral color balance, sharp focus, visible fabric texture, minimal premium aesthetic, centered composition, no text, no logos, no branding, no people, no patterned background."
393,"Raincoats","raincoat_sage_longline_technical-shell_15.png","Sage longline technical shell raincoat in breathable membrane, hung on a wooden hanger against the backdrop, three-quarter angle, hood visible, water-repellent surface texture rendered. Studio e-commerce catalog photography, seamless warm light gray backdrop, soft diffused overhead lighting, neutral color balance, sharp focus, visible fabric texture, minimal premium aesthetic, centered composition, no text, no logos, no branding, no people, no patterned background."
394,"Raincoats","raincoat_rust_mid-length_packable_16.png","Rust mid-length packable raincoat in recycled nylon shell, hung on a wooden hanger against the backdrop, three-quarter angle, hood visible, water-repellent surface texture rendered. Studio e-commerce catalog photography, seamless warm light gray backdrop, soft diffused overhead lighting, neutral color balance, sharp focus, visible fabric texture, minimal premium aesthetic, centered composition, no text, no logos, no branding, no people, no patterned background."
395,"Raincoats","raincoat_graphite_hip-length_technical-shell_17.png","Graphite hip-length technical shell raincoat in breathable membrane, hung on a wooden hanger against the backdrop, three-quarter angle, hood visible, water-repellent surface texture rendered. Studio e-commerce catalog photography, seamless warm light gray backdrop, soft diffused overhead lighting, neutral color balance, sharp focus, visible fabric texture, minimal premium aesthetic, centered composition, no text, no logos, no branding, no people, no patterned background."
396,"Raincoats","raincoat_cream_longline_double-breasted-trench_18.png","Cream longline double-breasted trench raincoat in waxed cotton, hung on a wooden hanger against the backdrop, three-quarter angle, hood visible, water-repellent surface texture rendered. Studio e-commerce catalog photography, seamless warm light gray backdrop, soft diffused overhead lighting, neutral color balance, sharp focus, visible fabric texture, minimal premium aesthetic, centered composition, no text, no logos, no branding, no people, no patterned background."
397,"Raincoats","raincoat_cobalt_mid-length_packable_19.png","Cobalt mid-length packable raincoat in recycled nylon shell, hung on a wooden hanger against the backdrop, three-quarter angle, hood visible, water-repellent surface texture rendered. Studio e-commerce catalog photography, seamless warm light gray backdrop, soft diffused overhead lighting, neutral color balance, sharp focus, visible fabric texture, minimal premium aesthetic, centered composition, no text, no logos, no branding, no people, no patterned background."
398,"Raincoats","raincoat_maroon_hip-length_technical-shell_20.png","Maroon hip-length technical shell raincoat in breathable membrane, hung on a wooden hanger against the backdrop, three-quarter angle, hood visible, water-repellent surface texture rendered. Studio e-commerce catalog photography, seamless warm light gray backdrop, soft diffused overhead lighting, neutral color balance, sharp focus, visible fabric texture, minimal premium aesthetic, centered composition, no text, no logos, no branding, no people, no patterned background."
399,"Raincoats","raincoat_beige_longline_packable_21.png","Beige longline packable raincoat in recycled nylon shell, hung on a wooden hanger against the backdrop, three-quarter angle, hood visible, water-repellent surface texture rendered. Studio e-commerce catalog photography, seamless warm light gray backdrop, soft diffused overhead lighting, neutral color balance, sharp focus, visible fabric texture, minimal premium aesthetic, centered composition, no text, no logos, no branding, no people, no patterned background."
400,"Raincoats","raincoat_denim-blue_mid-length_double-breasted-trench_22.png","Denim Blue mid-length double-breasted trench raincoat in waxed cotton, hung on a wooden hanger against the backdrop, three-quarter angle, hood visible, water-repellent surface texture rendered. Studio e-commerce catalog photography, seamless warm light gray backdrop, soft diffused overhead lighting, neutral color balance, sharp focus, visible fabric texture, minimal premium aesthetic, centered composition, no text, no logos, no branding, no people, no patterned background."
401,"Raincoats","raincoat_plum_hip-length_technical-shell_23.png","Plum hip-length technical shell raincoat in breathable membrane, hung on a wooden hanger against the backdrop, three-quarter angle, hood visible, water-repellent surface texture rendered. Studio e-commerce catalog photography, seamless warm light gray backdrop, soft diffused overhead lighting, neutral color balance, sharp focus, visible fabric texture, minimal premium aesthetic, centered composition, no text, no logos, no branding, no people, no patterned background."
402,"Raincoats","raincoat_mustard_longline_packable_24.png","Mustard longline packable raincoat in recycled nylon shell, hung on a wooden hanger against the backdrop, three-quarter angle, hood visible, water-repellent surface texture rendered. Studio e-commerce catalog photography, seamless warm light gray backdrop, soft diffused overhead lighting, neutral color balance, sharp focus, visible fabric texture, minimal premium aesthetic, centered composition, no text, no logos, no branding, no people, no patterned background."
403,"Raincoats","raincoat_espresso_mid-length_technical-shell_25.png","Espresso mid-length technical shell raincoat in breathable membrane, hung on a wooden hanger against the backdrop, three-quarter angle, hood visible, water-repellent surface texture rendered. Studio e-commerce catalog photography, seamless warm light gray backdrop, soft diffused overhead lighting, neutral color balance, sharp focus, visible fabric texture, minimal premium aesthetic, centered composition, no text, no logos, no branding, no people, no patterned background."
404,"Raincoats","raincoat_aqua_hip-length_packable_26.png","Aqua hip-length packable raincoat in recycled nylon shell, hung on a wooden hanger against the backdrop, three-quarter angle, hood visible, water-repellent surface texture rendered. Studio e-commerce catalog photography, seamless warm light gray backdrop, soft diffused overhead lighting, neutral color balance, sharp focus, visible fabric texture, minimal premium aesthetic, centered composition, no text, no logos, no branding, no people, no patterned background."
405,"Raincoats","raincoat_wine_longline_double-breasted-trench_27.png","Wine longline double-breasted trench raincoat in waxed cotton, hung on a wooden hanger against the backdrop, three-quarter angle, hood visible, water-repellent surface texture rendered. Studio e-commerce catalog photography, seamless warm light gray backdrop, soft diffused overhead lighting, neutral color balance, sharp focus, visible fabric texture, minimal premium aesthetic, centered composition, no text, no logos, no branding, no people, no patterned background."
406,"Raincoats","raincoat_pewter_mid-length_technical-shell_28.png","Pewter mid-length technical shell raincoat in breathable membrane, hung on a wooden hanger against the backdrop, three-quarter angle, hood visible, water-repellent surface texture rendered. Studio e-commerce catalog photography, seamless warm light gray backdrop, soft diffused overhead lighting, neutral color balance, sharp focus, visible fabric texture, minimal premium aesthetic, centered composition, no text, no logos, no branding, no people, no patterned background."
407,"Raincoats","raincoat_ivory_hip-length_packable_29.png","Ivory hip-length packable raincoat in recycled nylon shell, hung on a wooden hanger against the backdrop, three-quarter angle, hood visible, water-repellent surface texture rendered. Studio e-commerce catalog photography, seamless warm light gray backdrop, soft diffused overhead lighting, neutral color balance, sharp focus, visible fabric texture, minimal premium aesthetic, centered composition, no text, no logos, no branding, no people, no patterned background."
408,"Raincoats","raincoat_copper_longline_technical-shell_30.png","Copper longline technical shell raincoat in breathable membrane, hung on a wooden hanger against the backdrop, three-quarter angle, hood visible, water-repellent surface texture rendered. Studio e-commerce catalog photography, seamless warm light gray backdrop, soft diffused overhead lighting, neutral color balance, sharp focus, visible fabric texture, minimal premium aesthetic, centered composition, no text, no logos, no branding, no people, no patterned background."
409,"Raincoats","raincoat_steel-blue_mid-length_double-breasted-trench_31.png","Steel Blue mid-length double-breasted trench raincoat in waxed cotton, hung on a wooden hanger against the backdrop, three-quarter angle, hood visible, water-repellent surface texture rendered. Studio e-commerce catalog photography, seamless warm light gray backdrop, soft diffused overhead lighting, neutral color balance, sharp focus, visible fabric texture, minimal premium aesthetic, centered composition, no text, no logos, no branding, no people, no patterned background."
410,"Raincoats","raincoat_taupe_hip-length_packable_32.png","Taupe hip-length packable raincoat in recycled nylon shell, hung on a wooden hanger against the backdrop, three-quarter angle, hood visible, water-repellent surface texture rendered. Studio e-commerce catalog photography, seamless warm light gray backdrop, soft diffused overhead lighting, neutral color balance, sharp focus, visible fabric texture, minimal premium aesthetic, centered composition, no text, no logos, no branding, no people, no patterned background."
411,"Raincoats","raincoat_deep-green_longline_technical-shell_33.png","Deep Green longline technical shell raincoat in breathable membrane, hung on a wooden hanger against the backdrop, three-quarter angle, hood visible, water-repellent surface texture rendered. Studio e-commerce catalog photography, seamless warm light gray backdrop, soft diffused overhead lighting, neutral color balance, sharp focus, visible fabric texture, minimal premium aesthetic, centered composition, no text, no logos, no branding, no people, no patterned background."
412,"Raincoats","raincoat_pink_mid-length_packable_34.png","Pink mid-length packable raincoat in recycled nylon shell, hung on a wooden hanger against the backdrop, three-quarter angle, hood visible, water-repellent surface texture rendered. Studio e-commerce catalog photography, seamless warm light gray backdrop, soft diffused overhead lighting, neutral color balance, sharp focus, visible fabric texture, minimal premium aesthetic, centered composition, no text, no logos, no branding, no people, no patterned background."
413,"Raincoats","raincoat_orange_hip-length_technical-shell_35.png","Orange hip-length technical shell raincoat in breathable membrane, hung on a wooden hanger against the backdrop, three-quarter angle, hood visible, water-repellent surface texture rendered. Studio e-commerce catalog photography, seamless warm light gray backdrop, soft diffused overhead lighting, neutral color balance, sharp focus, visible fabric texture, minimal premium aesthetic, centered composition, no text, no logos, no branding, no people, no patterned background."
414,"Raincoats","raincoat_red_longline_double-breasted-trench_36.png","Red longline double-breasted trench raincoat in waxed cotton, hung on a wooden hanger against the backdrop, three-quarter angle, hood visible, water-repellent surface texture rendered. Studio e-commerce catalog photography, seamless warm light gray backdrop, soft diffused overhead lighting, neutral color balance, sharp focus, visible fabric texture, minimal premium aesthetic, centered composition, no text, no logos, no branding, no people, no patterned background."
415,"Raincoats","raincoat_white_mid-length_packable_37.png","White mid-length packable raincoat in recycled nylon shell, hung on a wooden hanger against the backdrop, three-quarter angle, hood visible, water-repellent surface texture rendered. Studio e-commerce catalog photography, seamless warm light gray backdrop, soft diffused overhead lighting, neutral color balance, sharp focus, visible fabric texture, minimal premium aesthetic, centered composition, no text, no logos, no branding, no people, no patterned background."
416,"Raincoats","raincoat_khaki_hip-length_technical-shell_38.png","Khaki hip-length technical shell raincoat in breathable membrane, hung on a wooden hanger against the backdrop, three-quarter angle, hood visible, water-repellent surface texture rendered. Studio e-commerce catalog photography, seamless warm light gray backdrop, soft diffused overhead lighting, neutral color balance, sharp focus, visible fabric texture, minimal premium aesthetic, centered composition, no text, no logos, no branding, no people, no patterned background."
417,"Raincoats","raincoat_blue-gray_longline_packable_39.png","Blue Gray longline packable raincoat in recycled nylon shell, hung on a wooden hanger against the backdrop, three-quarter angle, hood visible, water-repellent surface texture rendered. Studio e-commerce catalog photography, seamless warm light gray backdrop, soft diffused overhead lighting, neutral color balance, sharp focus, visible fabric texture, minimal premium aesthetic, centered composition, no text, no logos, no branding, no people, no patterned background."
418,"Raincoats","raincoat_mocha_mid-length_double-breasted-trench_40.png","Mocha mid-length double-breasted trench raincoat in waxed cotton, hung on a wooden hanger against the backdrop, three-quarter angle, hood visible, water-repellent surface texture rendered. Studio e-commerce catalog photography, seamless warm light gray backdrop, soft diffused overhead lighting, neutral color balance, sharp focus, visible fabric texture, minimal premium aesthetic, centered composition, no text, no logos, no branding, no people, no patterned background."
419,"Raincoats","raincoat_silver_hip-length_technical-shell_41.png","Silver hip-length technical shell raincoat in breathable membrane, hung on a wooden hanger against the backdrop, three-quarter angle, hood visible, water-repellent surface texture rendered. Studio e-commerce catalog photography, seamless warm light gray backdrop, soft diffused overhead lighting, neutral color balance, sharp focus, visible fabric texture, minimal premium aesthetic, centered composition, no text, no logos, no branding, no people, no patterned background."
420,"Raincoats","raincoat_lemon_longline_packable_42.png","Lemon longline packable raincoat in recycled nylon shell, hung on a wooden hanger against the backdrop, three-quarter angle, hood visible, water-repellent surface texture rendered. Studio e-commerce catalog photography, seamless warm light gray backdrop, soft diffused overhead lighting, neutral color balance, sharp focus, visible fabric texture, minimal premium aesthetic, centered composition, no text, no logos, no branding, no people, no patterned background."
421,"Winter Wear","winter_charcoal_crew-neck-sweater_merino-wool_01.png","Charcoal midweight crew-neck sweater in merino wool, ribbed cuffs, displayed flat-lay on the backdrop, neatly folded with visible knit pattern and fiber texture. Studio e-commerce catalog photography, seamless warm light gray backdrop, soft diffused overhead lighting, neutral color balance, sharp focus, visible fabric texture, minimal premium aesthetic, centered composition, no text, no logos, no branding, no people, no patterned background."
422,"Winter Wear","winter_oatmeal_half-zip-pullover_lambswool_02.png","Oatmeal chunky half-zip pullover in lambswool, cable knit, displayed flat-lay on the backdrop, neatly folded with visible knit pattern and fiber texture. Studio e-commerce catalog photography, seamless warm light gray backdrop, soft diffused overhead lighting, neutral color balance, sharp focus, visible fabric texture, minimal premium aesthetic, centered composition, no text, no logos, no branding, no people, no patterned background."
423,"Winter Wear","winter_forest-green_cardigan_cashmere-blend_03.png","Forest Green lightweight cardigan in cashmere blend, fine gauge knit, displayed flat-lay on the backdrop, neatly folded with visible knit pattern and fiber texture. Studio e-commerce catalog photography, seamless warm light gray backdrop, soft diffused overhead lighting, neutral color balance, sharp focus, visible fabric texture, minimal premium aesthetic, centered composition, no text, no logos, no branding, no people, no patterned background."
424,"Winter Wear","winter_navy_beanie_recycled-wool_04.png","Navy midweight beanie in recycled wool, ribbed cuffs, displayed flat-lay on the backdrop, neatly folded with visible knit pattern and fiber texture. Studio e-commerce catalog photography, seamless warm light gray backdrop, soft diffused overhead lighting, neutral color balance, sharp focus, visible fabric texture, minimal premium aesthetic, centered composition, no text, no logos, no branding, no people, no patterned background."
425,"Winter Wear","winter_camel_scarf_brushed-alpaca_05.png","Camel chunky scarf in brushed alpaca, cable knit, displayed flat-lay on the backdrop, neatly folded with visible knit pattern and fiber texture. Studio e-commerce catalog photography, seamless warm light gray backdrop, soft diffused overhead lighting, neutral color balance, sharp focus, visible fabric texture, minimal premium aesthetic, centered composition, no text, no logos, no branding, no people, no patterned background."
426,"Winter Wear","winter_burgundy_crew-neck-sweater_merino-wool_06.png","Burgundy midweight crew-neck sweater in merino wool, raglan sleeve, displayed flat-lay on the backdrop, neatly folded with visible knit pattern and fiber texture. Studio e-commerce catalog photography, seamless warm light gray backdrop, soft diffused overhead lighting, neutral color balance, sharp focus, visible fabric texture, minimal premium aesthetic, centered composition, no text, no logos, no branding, no people, no patterned background."
427,"Winter Wear","winter_slate_half-zip-pullover_lambswool_07.png","Slate lightweight half-zip pullover in lambswool, fine gauge knit, displayed flat-lay on the backdrop, neatly folded with visible knit pattern and fiber texture. Studio e-commerce catalog photography, seamless warm light gray backdrop, soft diffused overhead lighting, neutral color balance, sharp focus, visible fabric texture, minimal premium aesthetic, centered composition, no text, no logos, no branding, no people, no patterned background."
428,"Winter Wear","winter_cream_cardigan_cashmere-blend_08.png","Cream chunky cardigan in cashmere blend, cable knit, displayed flat-lay on the backdrop, neatly folded with visible knit pattern and fiber texture. Studio e-commerce catalog photography, seamless warm light gray backdrop, soft diffused overhead lighting, neutral color balance, sharp focus, visible fabric texture, minimal premium aesthetic, centered composition, no text, no logos, no branding, no people, no patterned background."
429,"Winter Wear","winter_black_beanie_recycled-wool_09.png","Black midweight beanie in recycled wool, ribbed cuffs, displayed flat-lay on the backdrop, neatly folded with visible knit pattern and fiber texture. Studio e-commerce catalog photography, seamless warm light gray backdrop, soft diffused overhead lighting, neutral color balance, sharp focus, visible fabric texture, minimal premium aesthetic, centered composition, no text, no logos, no branding, no people, no patterned background."
430,"Winter Wear","winter_deep-teal_scarf_merino-wool_10.png","Deep Teal lightweight scarf in merino wool, fine gauge knit, displayed flat-lay on the backdrop, neatly folded with visible knit pattern and fiber texture. Studio e-commerce catalog photography, seamless warm light gray backdrop, soft diffused overhead lighting, neutral color balance, sharp focus, visible fabric texture, minimal premium aesthetic, centered composition, no text, no logos, no branding, no people, no patterned background."
431,"Winter Wear","winter_rust_crew-neck-sweater_lambswool_11.png","Rust midweight crew-neck sweater in lambswool, raglan sleeve, displayed flat-lay on the backdrop, neatly folded with visible knit pattern and fiber texture. Studio e-commerce catalog photography, seamless warm light gray backdrop, soft diffused overhead lighting, neutral color balance, sharp focus, visible fabric texture, minimal premium aesthetic, centered composition, no text, no logos, no branding, no people, no patterned background."
432,"Winter Wear","winter_graphite_half-zip-pullover_brushed-alpaca_12.png","Graphite chunky half-zip pullover in brushed alpaca, cable knit, displayed flat-lay on the backdrop, neatly folded with visible knit pattern and fiber texture. Studio e-commerce catalog photography, seamless warm light gray backdrop, soft diffused overhead lighting, neutral color balance, sharp focus, visible fabric texture, minimal premium aesthetic, centered composition, no text, no logos, no branding, no people, no patterned background."
433,"Winter Wear","winter_ivory_cardigan_merino-wool_13.png","Ivory midweight cardigan in merino wool, ribbed cuffs, displayed flat-lay on the backdrop, neatly folded with visible knit pattern and fiber texture. Studio e-commerce catalog photography, seamless warm light gray backdrop, soft diffused overhead lighting, neutral color balance, sharp focus, visible fabric texture, minimal premium aesthetic, centered composition, no text, no logos, no branding, no people, no patterned background."
434,"Winter Wear","winter_olive_beanie_cashmere-blend_14.png","Olive lightweight beanie in cashmere blend, fine gauge knit, displayed flat-lay on the backdrop, neatly folded with visible knit pattern and fiber texture. Studio e-commerce catalog photography, seamless warm light gray backdrop, soft diffused overhead lighting, neutral color balance, sharp focus, visible fabric texture, minimal premium aesthetic, centered composition, no text, no logos, no branding, no people, no patterned background."
435,"Winter Wear","winter_wine_scarf_recycled-wool_15.png","Wine chunky scarf in recycled wool, cable knit, displayed flat-lay on the backdrop, neatly folded with visible knit pattern and fiber texture. Studio e-commerce catalog photography, seamless warm light gray backdrop, soft diffused overhead lighting, neutral color balance, sharp focus, visible fabric texture, minimal premium aesthetic, centered composition, no text, no logos, no branding, no people, no patterned background."
436,"Winter Wear","winter_steel-blue_crew-neck-sweater_merino-wool_16.png","Steel Blue midweight crew-neck sweater in merino wool, raglan sleeve, displayed flat-lay on the backdrop, neatly folded with visible knit pattern and fiber texture. Studio e-commerce catalog photography, seamless warm light gray backdrop, soft diffused overhead lighting, neutral color balance, sharp focus, visible fabric texture, minimal premium aesthetic, centered composition, no text, no logos, no branding, no people, no patterned background."
437,"Winter Wear","winter_mustard_half-zip-pullover_lambswool_17.png","Mustard lightweight half-zip pullover in lambswool, fine gauge knit, displayed flat-lay on the backdrop, neatly folded with visible knit pattern and fiber texture. Studio e-commerce catalog photography, seamless warm light gray backdrop, soft diffused overhead lighting, neutral color balance, sharp focus, visible fabric texture, minimal premium aesthetic, centered composition, no text, no logos, no branding, no people, no patterned background."
438,"Winter Wear","winter_plum_cardigan_brushed-alpaca_18.png","Plum chunky cardigan in brushed alpaca, cable knit, displayed flat-lay on the backdrop, neatly folded with visible knit pattern and fiber texture. Studio e-commerce catalog photography, seamless warm light gray backdrop, soft diffused overhead lighting, neutral color balance, sharp focus, visible fabric texture, minimal premium aesthetic, centered composition, no text, no logos, no branding, no people, no patterned background."
439,"Winter Wear","winter_espresso_beanie_merino-wool_19.png","Espresso midweight beanie in merino wool, ribbed cuffs, displayed flat-lay on the backdrop, neatly folded with visible knit pattern and fiber texture. Studio e-commerce catalog photography, seamless warm light gray backdrop, soft diffused overhead lighting, neutral color balance, sharp focus, visible fabric texture, minimal premium aesthetic, centered composition, no text, no logos, no branding, no people, no patterned background."
440,"Winter Wear","winter_sage_scarf_cashmere-blend_20.png","Sage lightweight scarf in cashmere blend, fine gauge knit, displayed flat-lay on the backdrop, neatly folded with visible knit pattern and fiber texture. Studio e-commerce catalog photography, seamless warm light gray backdrop, soft diffused overhead lighting, neutral color balance, sharp focus, visible fabric texture, minimal premium aesthetic, centered composition, no text, no logos, no branding, no people, no patterned background."
441,"Winter Wear","winter_maroon_crew-neck-sweater_recycled-wool_21.png","Maroon midweight crew-neck sweater in recycled wool, raglan sleeve, displayed flat-lay on the backdrop, neatly folded with visible knit pattern and fiber texture. Studio e-commerce catalog photography, seamless warm light gray backdrop, soft diffused overhead lighting, neutral color balance, sharp focus, visible fabric texture, minimal premium aesthetic, centered composition, no text, no logos, no branding, no people, no patterned background."
442,"Winter Wear","winter_pebble-gray_half-zip-pullover_merino-wool_22.png","Pebble Gray chunky half-zip pullover in merino wool, cable knit, displayed flat-lay on the backdrop, neatly folded with visible knit pattern and fiber texture. Studio e-commerce catalog photography, seamless warm light gray backdrop, soft diffused overhead lighting, neutral color balance, sharp focus, visible fabric texture, minimal premium aesthetic, centered composition, no text, no logos, no branding, no people, no patterned background."
443,"Winter Wear","winter_sand_cardigan_lambswool_23.png","Sand midweight cardigan in lambswool, ribbed cuffs, displayed flat-lay on the backdrop, neatly folded with visible knit pattern and fiber texture. Studio e-commerce catalog photography, seamless warm light gray backdrop, soft diffused overhead lighting, neutral color balance, sharp focus, visible fabric texture, minimal premium aesthetic, centered composition, no text, no logos, no branding, no people, no patterned background."
444,"Winter Wear","winter_cobalt_beanie_brushed-alpaca_24.png","Cobalt lightweight beanie in brushed alpaca, fine gauge knit, displayed flat-lay on the backdrop, neatly folded with visible knit pattern and fiber texture. Studio e-commerce catalog photography, seamless warm light gray backdrop, soft diffused overhead lighting, neutral color balance, sharp focus, visible fabric texture, minimal premium aesthetic, centered composition, no text, no logos, no branding, no people, no patterned background."
445,"Winter Wear","winter_copper_scarf_merino-wool_25.png","Copper chunky scarf in merino wool, cable knit, displayed flat-lay on the backdrop, neatly folded with visible knit pattern and fiber texture. Studio e-commerce catalog photography, seamless warm light gray backdrop, soft diffused overhead lighting, neutral color balance, sharp focus, visible fabric texture, minimal premium aesthetic, centered composition, no text, no logos, no branding, no people, no patterned background."
446,"Winter Wear","winter_denim-blue_crew-neck-sweater_cashmere-blend_26.png","Denim Blue midweight crew-neck sweater in cashmere blend, raglan sleeve, displayed flat-lay on the backdrop, neatly folded with visible knit pattern and fiber texture. Studio e-commerce catalog photography, seamless warm light gray backdrop, soft diffused overhead lighting, neutral color balance, sharp focus, visible fabric texture, minimal premium aesthetic, centered composition, no text, no logos, no branding, no people, no patterned background."
447,"Winter Wear","winter_taupe_half-zip-pullover_recycled-wool_27.png","Taupe lightweight half-zip pullover in recycled wool, fine gauge knit, displayed flat-lay on the backdrop, neatly folded with visible knit pattern and fiber texture. Studio e-commerce catalog photography, seamless warm light gray backdrop, soft diffused overhead lighting, neutral color balance, sharp focus, visible fabric texture, minimal premium aesthetic, centered composition, no text, no logos, no branding, no people, no patterned background."
448,"Winter Wear","winter_aqua_cardigan_lambswool_28.png","Aqua chunky cardigan in lambswool, cable knit, displayed flat-lay on the backdrop, neatly folded with visible knit pattern and fiber texture. Studio e-commerce catalog photography, seamless warm light gray backdrop, soft diffused overhead lighting, neutral color balance, sharp focus, visible fabric texture, minimal premium aesthetic, centered composition, no text, no logos, no branding, no people, no patterned background."
449,"Winter Wear","winter_pink_beanie_merino-wool_29.png","Pink midweight beanie in merino wool, ribbed cuffs, displayed flat-lay on the backdrop, neatly folded with visible knit pattern and fiber texture. Studio e-commerce catalog photography, seamless warm light gray backdrop, soft diffused overhead lighting, neutral color balance, sharp focus, visible fabric texture, minimal premium aesthetic, centered composition, no text, no logos, no branding, no people, no patterned background."
450,"Winter Wear","winter_yellow_scarf_brushed-alpaca_30.png","Yellow lightweight scarf in brushed alpaca, fine gauge knit, displayed flat-lay on the backdrop, neatly folded with visible knit pattern and fiber texture. Studio e-commerce catalog photography, seamless warm light gray backdrop, soft diffused overhead lighting, neutral color balance, sharp focus, visible fabric texture, minimal premium aesthetic, centered composition, no text, no logos, no branding, no people, no patterned background."
451,"Winter Wear","winter_red_crew-neck-sweater_cashmere-blend_31.png","Red midweight crew-neck sweater in cashmere blend, raglan sleeve, displayed flat-lay on the backdrop, neatly folded with visible knit pattern and fiber texture. Studio e-commerce catalog photography, seamless warm light gray backdrop, soft diffused overhead lighting, neutral color balance, sharp focus, visible fabric texture, minimal premium aesthetic, centered composition, no text, no logos, no branding, no people, no patterned background."
452,"Winter Wear","winter_mint_half-zip-pullover_recycled-wool_32.png","Mint chunky half-zip pullover in recycled wool, cable knit, displayed flat-lay on the backdrop, neatly folded with visible knit pattern and fiber texture. Studio e-commerce catalog photography, seamless warm light gray backdrop, soft diffused overhead lighting, neutral color balance, sharp focus, visible fabric texture, minimal premium aesthetic, centered composition, no text, no logos, no branding, no people, no patterned background."
453,"Winter Wear","winter_lavender_cardigan_merino-wool_33.png","Lavender midweight cardigan in merino wool, ribbed cuffs, displayed flat-lay on the backdrop, neatly folded with visible knit pattern and fiber texture. Studio e-commerce catalog photography, seamless warm light gray backdrop, soft diffused overhead lighting, neutral color balance, sharp focus, visible fabric texture, minimal premium aesthetic, centered composition, no text, no logos, no branding, no people, no patterned background."
454,"Winter Wear","winter_orange_beanie_lambswool_34.png","Orange lightweight beanie in lambswool, fine gauge knit, displayed flat-lay on the backdrop, neatly folded with visible knit pattern and fiber texture. Studio e-commerce catalog photography, seamless warm light gray backdrop, soft diffused overhead lighting, neutral color balance, sharp focus, visible fabric texture, minimal premium aesthetic, centered composition, no text, no logos, no branding, no people, no patterned background."
455,"Winter Wear","winter_teal_scarf_brushed-alpaca_35.png","Teal chunky scarf in brushed alpaca, cable knit, displayed flat-lay on the backdrop, neatly folded with visible knit pattern and fiber texture. Studio e-commerce catalog photography, seamless warm light gray backdrop, soft diffused overhead lighting, neutral color balance, sharp focus, visible fabric texture, minimal premium aesthetic, centered composition, no text, no logos, no branding, no people, no patterned background."
456,"Winter Wear","winter_brown_crew-neck-sweater_merino-wool_36.png","Brown midweight crew-neck sweater in merino wool, raglan sleeve, displayed flat-lay on the backdrop, neatly folded with visible knit pattern and fiber texture. Studio e-commerce catalog photography, seamless warm light gray backdrop, soft diffused overhead lighting, neutral color balance, sharp focus, visible fabric texture, minimal premium aesthetic, centered composition, no text, no logos, no branding, no people, no patterned background."
457,"Winter Wear","winter_white_half-zip-pullover_cashmere-blend_37.png","White lightweight half-zip pullover in cashmere blend, fine gauge knit, displayed flat-lay on the backdrop, neatly folded with visible knit pattern and fiber texture. Studio e-commerce catalog photography, seamless warm light gray backdrop, soft diffused overhead lighting, neutral color balance, sharp focus, visible fabric texture, minimal premium aesthetic, centered composition, no text, no logos, no branding, no people, no patterned background."
458,"Winter Wear","winter_beige_cardigan_recycled-wool_38.png","Beige chunky cardigan in recycled wool, cable knit, displayed flat-lay on the backdrop, neatly folded with visible knit pattern and fiber texture. Studio e-commerce catalog photography, seamless warm light gray backdrop, soft diffused overhead lighting, neutral color balance, sharp focus, visible fabric texture, minimal premium aesthetic, centered composition, no text, no logos, no branding, no people, no patterned background."
459,"Winter Wear","winter_blue-gray_beanie_lambswool_39.png","Blue Gray midweight beanie in lambswool, ribbed cuffs, displayed flat-lay on the backdrop, neatly folded with visible knit pattern and fiber texture. Studio e-commerce catalog photography, seamless warm light gray backdrop, soft diffused overhead lighting, neutral color balance, sharp focus, visible fabric texture, minimal premium aesthetic, centered composition, no text, no logos, no branding, no people, no patterned background."
460,"Winter Wear","winter_rose_scarf_merino-wool_40.png","Rose lightweight scarf in merino wool, fine gauge knit, displayed flat-lay on the backdrop, neatly folded with visible knit pattern and fiber texture. Studio e-commerce catalog photography, seamless warm light gray backdrop, soft diffused overhead lighting, neutral color balance, sharp focus, visible fabric texture, minimal premium aesthetic, centered composition, no text, no logos, no branding, no people, no patterned background."
461,"Winter Wear","winter_gold_crew-neck-sweater_brushed-alpaca_41.png","Gold chunky crew-neck sweater in brushed alpaca, cable knit, displayed flat-lay on the backdrop, neatly folded with visible knit pattern and fiber texture. Studio e-commerce catalog photography, seamless warm light gray backdrop, soft diffused overhead lighting, neutral color balance, sharp focus, visible fabric texture, minimal premium aesthetic, centered composition, no text, no logos, no branding, no people, no patterned background."
462,"Winter Wear","winter_silver-gray_half-zip-pullover_cashmere-blend_42.png","Silver Gray midweight half-zip pullover in cashmere blend, raglan sleeve, displayed flat-lay on the backdrop, neatly folded with visible knit pattern and fiber texture. Studio e-commerce catalog photography, seamless warm light gray backdrop, soft diffused overhead lighting, neutral color balance, sharp focus, visible fabric texture, minimal premium aesthetic, centered composition, no text, no logos, no branding, no people, no patterned background."
463,"Travel Accessories","travel_compact_black_ripstop-nylon_01.png","Compact Travel Umbrella (Closed) in black ripstop nylon, zip pulls visible, displayed flat-lay top-down on the backdrop, neatly arranged with hardware and stitching visible. Studio e-commerce catalog photography, seamless warm light gray backdrop, soft diffused overhead lighting, neutral color balance, sharp focus, visible fabric texture, minimal premium aesthetic, centered composition, no text, no logos, no branding, no people, no patterned background."
464,"Travel Accessories","travel_set_charcoal_recycled-polyester_02.png","Set Of Three Packing Cubes in charcoal recycled polyester, mesh window panels, displayed flat-lay top-down on the backdrop, neatly arranged with hardware and stitching visible. Studio e-commerce catalog photography, seamless warm light gray backdrop, soft diffused overhead lighting, neutral color balance, sharp focus, visible fabric texture, minimal premium aesthetic, centered composition, no text, no logos, no branding, no people, no patterned background."
465,"Travel Accessories","travel_merino_olive_merino-wool_03.png","Merino Travel Socks in olive merino wool, contrast stitching, displayed flat-lay top-down on the backdrop, neatly arranged with hardware and stitching visible. Studio e-commerce catalog photography, seamless warm light gray backdrop, soft diffused overhead lighting, neutral color balance, sharp focus, visible fabric texture, minimal premium aesthetic, centered composition, no text, no logos, no branding, no people, no patterned background."
466,"Travel Accessories","travel_leather_navy_full-grain-leather_04.png","Leather Card Wallet in navy full-grain leather, woven label, displayed flat-lay top-down on the backdrop, neatly arranged with hardware and stitching visible. Studio e-commerce catalog photography, seamless warm light gray backdrop, soft diffused overhead lighting, neutral color balance, sharp focus, visible fabric texture, minimal premium aesthetic, centered composition, no text, no logos, no branding, no people, no patterned background."
467,"Travel Accessories","travel_microfiber_sand_microfiber_05.png","Microfiber Travel Towel in sand microfiber, contrast stitching, displayed flat-lay top-down on the backdrop, neatly arranged with hardware and stitching visible. Studio e-commerce catalog photography, seamless warm light gray backdrop, soft diffused overhead lighting, neutral color balance, sharp focus, visible fabric texture, minimal premium aesthetic, centered composition, no text, no logos, no branding, no people, no patterned background."
468,"Travel Accessories","travel_travel_slate_recycled-polyester_06.png","Travel Cable Organizer Pouch in slate recycled polyester, zip pulls visible, displayed flat-lay top-down on the backdrop, neatly arranged with hardware and stitching visible. Studio e-commerce catalog photography, seamless warm light gray backdrop, soft diffused overhead lighting, neutral color balance, sharp focus, visible fabric texture, minimal premium aesthetic, centered composition, no text, no logos, no branding, no people, no patterned background."
469,"Travel Accessories","travel_compact_forest-green_ripstop-nylon_07.png","Compact Travel Umbrella (Closed) in forest green ripstop nylon, mesh window panels, displayed flat-lay top-down on the backdrop, neatly arranged with hardware and stitching visible. Studio e-commerce catalog photography, seamless warm light gray backdrop, soft diffused overhead lighting, neutral color balance, sharp focus, visible fabric texture, minimal premium aesthetic, centered composition, no text, no logos, no branding, no people, no patterned background."
470,"Travel Accessories","travel_set_tan_recycled-polyester_08.png","Set Of Three Packing Cubes in tan recycled polyester, woven label, displayed flat-lay top-down on the backdrop, neatly arranged with hardware and stitching visible. Studio e-commerce catalog photography, seamless warm light gray backdrop, soft diffused overhead lighting, neutral color balance, sharp focus, visible fabric texture, minimal premium aesthetic, centered composition, no text, no logos, no branding, no people, no patterned background."
471,"Travel Accessories","travel_merino_graphite_merino-wool_09.png","Merino Travel Socks in graphite merino wool, contrast stitching, displayed flat-lay top-down on the backdrop, neatly arranged with hardware and stitching visible. Studio e-commerce catalog photography, seamless warm light gray backdrop, soft diffused overhead lighting, neutral color balance, sharp focus, visible fabric texture, minimal premium aesthetic, centered composition, no text, no logos, no branding, no people, no patterned background."
472,"Travel Accessories","travel_leather_burgundy_full-grain-leather_10.png","Leather Card Wallet in burgundy full-grain leather, zip pulls visible, displayed flat-lay top-down on the backdrop, neatly arranged with hardware and stitching visible. Studio e-commerce catalog photography, seamless warm light gray backdrop, soft diffused overhead lighting, neutral color balance, sharp focus, visible fabric texture, minimal premium aesthetic, centered composition, no text, no logos, no branding, no people, no patterned background."
473,"Travel Accessories","travel_microfiber_stone_microfiber_11.png","Microfiber Travel Towel in stone microfiber, mesh window panels, displayed flat-lay top-down on the backdrop, neatly arranged with hardware and stitching visible. Studio e-commerce catalog photography, seamless warm light gray backdrop, soft diffused overhead lighting, neutral color balance, sharp focus, visible fabric texture, minimal premium aesthetic, centered composition, no text, no logos, no branding, no people, no patterned background."
474,"Travel Accessories","travel_travel_midnight-blue_recycled-polyester_12.png","Travel Cable Organizer Pouch in midnight blue recycled polyester, contrast stitching, displayed flat-lay top-down on the backdrop, neatly arranged with hardware and stitching visible. Studio e-commerce catalog photography, seamless warm light gray backdrop, soft diffused overhead lighting, neutral color balance, sharp focus, visible fabric texture, minimal premium aesthetic, centered composition, no text, no logos, no branding, no people, no patterned background."
475,"Travel Accessories","travel_compact_camel_ripstop-nylon_13.png","Compact Travel Umbrella (Closed) in camel ripstop nylon, woven label, displayed flat-lay top-down on the backdrop, neatly arranged with hardware and stitching visible. Studio e-commerce catalog photography, seamless warm light gray backdrop, soft diffused overhead lighting, neutral color balance, sharp focus, visible fabric texture, minimal premium aesthetic, centered composition, no text, no logos, no branding, no people, no patterned background."
476,"Travel Accessories","travel_set_steel-blue_recycled-polyester_14.png","Set Of Three Packing Cubes in steel blue recycled polyester, zip pulls visible, displayed flat-lay top-down on the backdrop, neatly arranged with hardware and stitching visible. Studio e-commerce catalog photography, seamless warm light gray backdrop, soft diffused overhead lighting, neutral color balance, sharp focus, visible fabric texture, minimal premium aesthetic, centered composition, no text, no logos, no branding, no people, no patterned background."
477,"Travel Accessories","travel_merino_espresso_merino-wool_15.png","Merino Travel Socks in espresso merino wool, mesh window panels, displayed flat-lay top-down on the backdrop, neatly arranged with hardware and stitching visible. Studio e-commerce catalog photography, seamless warm light gray backdrop, soft diffused overhead lighting, neutral color balance, sharp focus, visible fabric texture, minimal premium aesthetic, centered composition, no text, no logos, no branding, no people, no patterned background."
478,"Travel Accessories","travel_leather_sage_full-grain-leather_16.png","Leather Card Wallet in sage full-grain leather, contrast stitching, displayed flat-lay top-down on the backdrop, neatly arranged with hardware and stitching visible. Studio e-commerce catalog photography, seamless warm light gray backdrop, soft diffused overhead lighting, neutral color balance, sharp focus, visible fabric texture, minimal premium aesthetic, centered composition, no text, no logos, no branding, no people, no patterned background."
479,"Travel Accessories","travel_microfiber_pewter_microfiber_17.png","Microfiber Travel Towel in pewter microfiber, woven label, displayed flat-lay top-down on the backdrop, neatly arranged with hardware and stitching visible. Studio e-commerce catalog photography, seamless warm light gray backdrop, soft diffused overhead lighting, neutral color balance, sharp focus, visible fabric texture, minimal premium aesthetic, centered composition, no text, no logos, no branding, no people, no patterned background."
480,"Travel Accessories","travel_travel_rust_recycled-polyester_18.png","Travel Cable Organizer Pouch in rust recycled polyester, zip pulls visible, displayed flat-lay top-down on the backdrop, neatly arranged with hardware and stitching visible. Studio e-commerce catalog photography, seamless warm light gray backdrop, soft diffused overhead lighting, neutral color balance, sharp focus, visible fabric texture, minimal premium aesthetic, centered composition, no text, no logos, no branding, no people, no patterned background."
481,"Travel Accessories","travel_compact_ivory_ripstop-nylon_19.png","Compact Travel Umbrella (Closed) in ivory ripstop nylon, contrast stitching, displayed flat-lay top-down on the backdrop, neatly arranged with hardware and stitching visible. Studio e-commerce catalog photography, seamless warm light gray backdrop, soft diffused overhead lighting, neutral color balance, sharp focus, visible fabric texture, minimal premium aesthetic, centered composition, no text, no logos, no branding, no people, no patterned background."
482,"Travel Accessories","travel_set_teal_recycled-polyester_20.png","Set Of Three Packing Cubes in teal recycled polyester, mesh window panels, displayed flat-lay top-down on the backdrop, neatly arranged with hardware and stitching visible. Studio e-commerce catalog photography, seamless warm light gray backdrop, soft diffused overhead lighting, neutral color balance, sharp focus, visible fabric texture, minimal premium aesthetic, centered composition, no text, no logos, no branding, no people, no patterned background."
483,"Travel Accessories","travel_merino_maroon_merino-wool_21.png","Merino Travel Socks in maroon merino wool, woven label, displayed flat-lay top-down on the backdrop, neatly arranged with hardware and stitching visible. Studio e-commerce catalog photography, seamless warm light gray backdrop, soft diffused overhead lighting, neutral color balance, sharp focus, visible fabric texture, minimal premium aesthetic, centered composition, no text, no logos, no branding, no people, no patterned background."
484,"Travel Accessories","travel_leather_light-gray_full-grain-leather_22.png","Leather Card Wallet in light gray full-grain leather, zip pulls visible, displayed flat-lay top-down on the backdrop, neatly arranged with hardware and stitching visible. Studio e-commerce catalog photography, seamless warm light gray backdrop, soft diffused overhead lighting, neutral color balance, sharp focus, visible fabric texture, minimal premium aesthetic, centered composition, no text, no logos, no branding, no people, no patterned background."
485,"Travel Accessories","travel_microfiber_brown_microfiber_23.png","Microfiber Travel Towel in brown microfiber, contrast stitching, displayed flat-lay top-down on the backdrop, neatly arranged with hardware and stitching visible. Studio e-commerce catalog photography, seamless warm light gray backdrop, soft diffused overhead lighting, neutral color balance, sharp focus, visible fabric texture, minimal premium aesthetic, centered composition, no text, no logos, no branding, no people, no patterned background."
486,"Travel Accessories","travel_travel_cobalt_recycled-polyester_24.png","Travel Cable Organizer Pouch in cobalt recycled polyester, mesh window panels, displayed flat-lay top-down on the backdrop, neatly arranged with hardware and stitching visible. Studio e-commerce catalog photography, seamless warm light gray backdrop, soft diffused overhead lighting, neutral color balance, sharp focus, visible fabric texture, minimal premium aesthetic, centered composition, no text, no logos, no branding, no people, no patterned background."
487,"Travel Accessories","travel_compact_mustard_ripstop-nylon_25.png","Compact Travel Umbrella (Closed) in mustard ripstop nylon, woven label, displayed flat-lay top-down on the backdrop, neatly arranged with hardware and stitching visible. Studio e-commerce catalog photography, seamless warm light gray backdrop, soft diffused overhead lighting, neutral color balance, sharp focus, visible fabric texture, minimal premium aesthetic, centered composition, no text, no logos, no branding, no people, no patterned background."
488,"Travel Accessories","travel_set_plum_recycled-polyester_26.png","Set Of Three Packing Cubes in plum recycled polyester, contrast stitching, displayed flat-lay top-down on the backdrop, neatly arranged with hardware and stitching visible. Studio e-commerce catalog photography, seamless warm light gray backdrop, soft diffused overhead lighting, neutral color balance, sharp focus, visible fabric texture, minimal premium aesthetic, centered composition, no text, no logos, no branding, no people, no patterned background."
489,"Travel Accessories","travel_merino_aqua_merino-wool_27.png","Merino Travel Socks in aqua merino wool, zip pulls visible, displayed flat-lay top-down on the backdrop, neatly arranged with hardware and stitching visible. Studio e-commerce catalog photography, seamless warm light gray backdrop, soft diffused overhead lighting, neutral color balance, sharp focus, visible fabric texture, minimal premium aesthetic, centered composition, no text, no logos, no branding, no people, no patterned background."
490,"Travel Accessories","travel_leather_copper_full-grain-leather_28.png","Leather Card Wallet in copper full-grain leather, mesh window panels, displayed flat-lay top-down on the backdrop, neatly arranged with hardware and stitching visible. Studio e-commerce catalog photography, seamless warm light gray backdrop, soft diffused overhead lighting, neutral color balance, sharp focus, visible fabric texture, minimal premium aesthetic, centered composition, no text, no logos, no branding, no people, no patterned background."
491,"Travel Accessories","travel_microfiber_denim-blue_microfiber_29.png","Microfiber Travel Towel in denim blue microfiber, woven label, displayed flat-lay top-down on the backdrop, neatly arranged with hardware and stitching visible. Studio e-commerce catalog photography, seamless warm light gray backdrop, soft diffused overhead lighting, neutral color balance, sharp focus, visible fabric texture, minimal premium aesthetic, centered composition, no text, no logos, no branding, no people, no patterned background."
492,"Travel Accessories","travel_travel_cream_recycled-polyester_30.png","Travel Cable Organizer Pouch in cream recycled polyester, contrast stitching, displayed flat-lay top-down on the backdrop, neatly arranged with hardware and stitching visible. Studio e-commerce catalog photography, seamless warm light gray backdrop, soft diffused overhead lighting, neutral color balance, sharp focus, visible fabric texture, minimal premium aesthetic, centered composition, no text, no logos, no branding, no people, no patterned background."
493,"Travel Accessories","travel_compact_wine_ripstop-nylon_31.png","Compact Travel Umbrella (Closed) in wine ripstop nylon, zip pulls visible, displayed flat-lay top-down on the backdrop, neatly arranged with hardware and stitching visible. Studio e-commerce catalog photography, seamless warm light gray backdrop, soft diffused overhead lighting, neutral color balance, sharp focus, visible fabric texture, minimal premium aesthetic, centered composition, no text, no logos, no branding, no people, no patterned background."
494,"Travel Accessories","travel_set_army-green_recycled-polyester_32.png","Set Of Three Packing Cubes in army green recycled polyester, mesh window panels, displayed flat-lay top-down on the backdrop, neatly arranged with hardware and stitching visible. Studio e-commerce catalog photography, seamless warm light gray backdrop, soft diffused overhead lighting, neutral color balance, sharp focus, visible fabric texture, minimal premium aesthetic, centered composition, no text, no logos, no branding, no people, no patterned background."
495,"Travel Accessories","travel_merino_pink_merino-wool_33.png","Merino Travel Socks in pink merino wool, contrast stitching, displayed flat-lay top-down on the backdrop, neatly arranged with hardware and stitching visible. Studio e-commerce catalog photography, seamless warm light gray backdrop, soft diffused overhead lighting, neutral color balance, sharp focus, visible fabric texture, minimal premium aesthetic, centered composition, no text, no logos, no branding, no people, no patterned background."
496,"Travel Accessories","travel_leather_orange_full-grain-leather_34.png","Leather Card Wallet in orange full-grain leather, woven label, displayed flat-lay top-down on the backdrop, neatly arranged with hardware and stitching visible. Studio e-commerce catalog photography, seamless warm light gray backdrop, soft diffused overhead lighting, neutral color balance, sharp focus, visible fabric texture, minimal premium aesthetic, centered composition, no text, no logos, no branding, no people, no patterned background."
497,"Travel Accessories","travel_microfiber_yellow_microfiber_35.png","Microfiber Travel Towel in yellow microfiber, zip pulls visible, displayed flat-lay top-down on the backdrop, neatly arranged with hardware and stitching visible. Studio e-commerce catalog photography, seamless warm light gray backdrop, soft diffused overhead lighting, neutral color balance, sharp focus, visible fabric texture, minimal premium aesthetic, centered composition, no text, no logos, no branding, no people, no patterned background."
498,"Travel Accessories","travel_travel_red_recycled-polyester_36.png","Travel Cable Organizer Pouch in red recycled polyester, contrast stitching, displayed flat-lay top-down on the backdrop, neatly arranged with hardware and stitching visible. Studio e-commerce catalog photography, seamless warm light gray backdrop, soft diffused overhead lighting, neutral color balance, sharp focus, visible fabric texture, minimal premium aesthetic, centered composition, no text, no logos, no branding, no people, no patterned background."
499,"Travel Accessories","travel_compact_white_ripstop-nylon_37.png","Compact Travel Umbrella (Closed) in white ripstop nylon, mesh window panels, displayed flat-lay top-down on the backdrop, neatly arranged with hardware and stitching visible. Studio e-commerce catalog photography, seamless warm light gray backdrop, soft diffused overhead lighting, neutral color balance, sharp focus, visible fabric texture, minimal premium aesthetic, centered composition, no text, no logos, no branding, no people, no patterned background."
500,"Travel Accessories","travel_set_beige_recycled-polyester_38.png","Set Of Three Packing Cubes in beige recycled polyester, woven label, displayed flat-lay top-down on the backdrop, neatly arranged with hardware and stitching visible. Studio e-commerce catalog photography, seamless warm light gray backdrop, soft diffused overhead lighting, neutral color balance, sharp focus, visible fabric texture, minimal premium aesthetic, centered composition, no text, no logos, no branding, no people, no patterned background."
501,"Travel Accessories","travel_merino_khaki_merino-wool_39.png","Merino Travel Socks in khaki merino wool, zip pulls visible, displayed flat-lay top-down on the backdrop, neatly arranged with hardware and stitching visible. Studio e-commerce catalog photography, seamless warm light gray backdrop, soft diffused overhead lighting, neutral color balance, sharp focus, visible fabric texture, minimal premium aesthetic, centered composition, no text, no logos, no branding, no people, no patterned background."
502,"Travel Accessories","travel_leather_blue-gray_full-grain-leather_40.png","Leather Card Wallet in blue gray full-grain leather, contrast stitching, displayed flat-lay top-down on the backdrop, neatly arranged with hardware and stitching visible. Studio e-commerce catalog photography, seamless warm light gray backdrop, soft diffused overhead lighting, neutral color balance, sharp focus, visible fabric texture, minimal premium aesthetic, centered composition, no text, no logos, no branding, no people, no patterned background."
503,"Travel Accessories","travel_microfiber_mocha_microfiber_41.png","Microfiber Travel Towel in mocha microfiber, mesh window panels, displayed flat-lay top-down on the backdrop, neatly arranged with hardware and stitching visible. Studio e-commerce catalog photography, seamless warm light gray backdrop, soft diffused overhead lighting, neutral color balance, sharp focus, visible fabric texture, minimal premium aesthetic, centered composition, no text, no logos, no branding, no people, no patterned background."
504,"Travel Accessories","travel_travel_silver_recycled-polyester_42.png","Travel Cable Organizer Pouch in silver recycled polyester, woven label, displayed flat-lay top-down on the backdrop, neatly arranged with hardware and stitching visible. Studio e-commerce catalog photography, seamless warm light gray backdrop, soft diffused overhead lighting, neutral color balance, sharp focus, visible fabric texture, minimal premium aesthetic, centered composition, no text, no logos, no branding, no people, no patterned background."
